rule_a,rule_b,trials,a_applied,b_applicable_before,b_applicable_after,b_applied,blocked,invalid_after_pair,b_apply_exceptions,synergy,blocked_rate,invalid_rate,exception_rate,conflict_rate,synergy_rate
AddGatekeeper,AddSkillChain,6,3,4,1,1,2,1,0,0,0.6666666666666666,1.0,0.0,1.0,0.0
MergeShortcut,PruneDeadEnd,6,6,6,3,3,3,3,0,0,0.5,1.0,0.0,1.0,0.0
AddSecret,PruneDeadEnd,6,6,6,4,4,2,4,0,0,0.3333333333333333,1.0,0.0,1.0,0.0
AddEntangledBranches,PruneDeadEnd,6,4,6,3,3,1,3,0,0,0.25,1.0,0.0,1.0,0.0
AddMultiLock,PruneDeadEnd,6,4,6,3,3,1,3,0,0,0.25,1.0,0.0,1.0,0.0
InsertSwitch,AddMultiLock,6,6,4,5,5,1,5,0,2,0.16666666666666666,1.0,0.0,1.0,0.3333333333333333
AddTeleport,PruneDeadEnd,6,6,6,5,5,1,5,0,0,0.16666666666666666,1.0,0.0,1.0,0.0
InsertChallenge_ENEMY,InsertChallenge_PUZZLE,6,6,6,6,6,0,6,0,0,0.0,1.0,0.0,1.0,0.0
InsertChallenge_ENEMY,InsertLockKey,6,6,6,6,6,0,6,0,0,0.0,1.0,0.0,1.0,0.0
InsertChallenge_ENEMY,Branch,6,6,6,6,6,0,6,0,0,0.0,1.0,0.0,1.0,0.0
InsertChallenge_ENEMY,MergeShortcut,6,6,6,6,6,0,6,0,0,0.0,1.0,0.0,1.0,0.0
InsertChallenge_ENEMY,InsertSwitch,6,6,6,6,6,0,6,0,0,0.0,1.0,0.0,1.0,0.0
InsertChallenge_ENEMY,AddItemGate,6,6,6,6,6,0,6,0,0,0.0,1.0,0.0,1.0,0.0
InsertChallenge_ENEMY,CreateHub,6,6,6,6,6,0,6,0,0,0.0,1.0,0.0,1.0,0.0
InsertChallenge_ENEMY,AddSecret,6,6,6,6,6,0,6,0,0,0.0,1.0,0.0,1.0,0.0
InsertChallenge_ENEMY,AddTeleport,6,6,6,6,6,0,6,0,0,0.0,1.0,0.0,1.0,0.0
InsertChallenge_ENEMY,AddFungibleLock,6,6,6,6,6,0,6,0,0,0.0,1.0,0.0,1.0,0.0
InsertChallenge_ENEMY,FormBigRoom,6,6,6,6,6,0,6,0,0,0.0,1.0,0.0,1.0,0.0
InsertChallenge_ENEMY,AddValve,6,6,6,6,6,0,6,0,0,0.0,1.0,0.0,1.0,0.0
InsertChallenge_ENEMY,AddArena,6,6,6,6,6,0,6,0,0,0.0,1.0,0.0,1.0,0.0
InsertChallenge_ENEMY,AddSector,6,6,6,6,6,0,6,0,0,0.0,1.0,0.0,1.0,0.0
InsertChallenge_ENEMY,AddHazardGate,6,6,6,6,6,0,6,0,0,0.0,1.0,0.0,1.0,0.0
InsertChallenge_ENEMY,SplitRoom,6,6,6,6,6,0,6,0,0,0.0,1.0,0.0,1.0,0.0
InsertChallenge_ENEMY,PruneDeadEnd,6,6,6,6,6,0,6,0,0,0.0,1.0,0.0,1.0,0.0
InsertChallenge_PUZZLE,InsertChallenge_ENEMY,6,6,6,6,6,0,6,0,0,0.0,1.0,0.0,1.0,0.0
InsertChallenge_PUZZLE,InsertLockKey,6,6,6,6,6,0,6,0,0,0.0,1.0,0.0,1.0,0.0
InsertChallenge_PUZZLE,Branch,6,6,6,6,6,0,6,0,0,0.0,1.0,0.0,1.0,0.0
InsertChallenge_PUZZLE,MergeShortcut,6,6,6,6,6,0,6,0,0,0.0,1.0,0.0,1.0,0.0
InsertChallenge_PUZZLE,InsertSwitch,6,6,6,6,6,0,6,0,0,0.0,1.0,0.0,1.0,0.0
InsertChallenge_PUZZLE,AddItemGate,6,6,6,6,6,0,6,0,0,0.0,1.0,0.0,1.0,0.0
InsertChallenge_PUZZLE,CreateHub,6,6,6,6,6,0,6,0,0,0.0,1.0,0.0,1.0,0.0
InsertChallenge_PUZZLE,AddSecret,6,6,6,6,6,0,6,0,0,0.0,1.0,0.0,1.0,0.0
InsertChallenge_PUZZLE,AddTeleport,6,6,6,6,6,0,6,0,0,0.0,1.0,0.0,1.0,0.0
InsertChallenge_PUZZLE,AddFungibleLock,6,6,6,6,6,0,6,0,0,0.0,1.0,0.0,1.0,0.0
InsertChallenge_PUZZLE,FormBigRoom,6,6,6,6,6,0,6,0,0,0.0,1.0,0.0,1.0,0.0
InsertChallenge_PUZZLE,AddValve,6,6,6,6,6,0,6,0,0,0.0,1.0,0.0,1.0,0.0
InsertChallenge_PUZZLE,AddArena,6,6,6,6,6,0,6,0,0,0.0,1.0,0.0,1.0,0.0
InsertChallenge_PUZZLE,AddSector,6,6,6,6,6,0,6,0,0,0.0,1.0,0.0,1.0,0.0
InsertChallenge_PUZZLE,AddHazardGate,6,6,6,6,6,0,6,0,0,0.0,1.0,0.0,1.0,0.0
InsertChallenge_PUZZLE,SplitRoom,6,6,6,6,6,0,6,0,0,0.0,1.0,0.0,1.0,0.0
InsertChallenge_PUZZLE,PruneDeadEnd,6,6,6,6,6,0,6,0,0,0.0,1.0,0.0,1.0,0.0
InsertLockKey,InsertChallenge_ENEMY,6,6,6,6,6,0,6,0,0,0.0,1.0,0.0,1.0,0.0
InsertLockKey,InsertChallenge_PUZZLE,6,6,6,6,6,0,6,0,0,0.0,1.0,0.0,1.0,0.0
InsertLockKey,Branch,6,6,6,6,6,0,6,0,0,0.0,1.0,0.0,1.0,0.0
InsertLockKey,MergeShortcut,6,6,6,6,6,0,6,0,0,0.0,1.0,0.0,1.0,0.0
InsertLockKey,InsertSwitch,6,6,6,6,6,0,6,0,0,0.0,1.0,0.0,1.0,0.0
InsertLockKey,AddItemGate,6,6,6,6,6,0,6,0,0,0.0,1.0,0.0,1.0,0.0
InsertLockKey,CreateHub,6,6,6,6,6,0,6,0,0,0.0,1.0,0.0,1.0,0.0
InsertLockKey,AddSecret,6,6,6,6,6,0,6,0,0,0.0,1.0,0.0,1.0,0.0
InsertLockKey,AddTeleport,6,6,6,6,6,0,6,0,0,0.0,1.0,0.0,1.0,0.0
InsertLockKey,AddFungibleLock,6,6,6,6,6,0,6,0,0,0.0,1.0,0.0,1.0,0.0
InsertLockKey,FormBigRoom,6,6,6,6,6,0,6,0,0,0.0,1.0,0.0,1.0,0.0
InsertLockKey,AddValve,6,6,6,6,6,0,6,0,0,0.0,1.0,0.0,1.0,0.0
InsertLockKey,AddArena,6,6,6,6,6,0,6,0,0,0.0,1.0,0.0,1.0,0.0
InsertLockKey,AddSector,6,6,6,6,6,0,6,0,0,0.0,1.0,0.0,1.0,0.0
InsertLockKey,AddHazardGate,6,6,6,6,6,0,6,0,0,0.0,1.0,0.0,1.0,0.0
InsertLockKey,SplitRoom,6,6,6,6,6,0,6,0,0,0.0,1.0,0.0,1.0,0.0
InsertLockKey,PruneDeadEnd,6,6,6,6,6,0,6,0,0,0.0,1.0,0.0,1.0,0.0
Branch,InsertChallenge_ENEMY,6,6,6,6,6,0,6,0,0,0.0,1.0,0.0,1.0,0.0
Branch,InsertChallenge_PUZZLE,6,6,6,6,6,0,6,0,0,0.0,1.0,0.0,1.0,0.0
Branch,InsertLockKey,6,6,6,6,6,0,6,0,0,0.0,1.0,0.0,1.0,0.0
Branch,MergeShortcut,6,6,6,6,6,0,6,0,0,0.0,1.0,0.0,1.0,0.0
Branch,InsertSwitch,6,6,6,6,6,0,6,0,0,0.0,1.0,0.0,1.0,0.0
Branch,AddItemGate,6,6,6,6,6,0,6,0,0,0.0,1.0,0.0,1.0,0.0
Branch,CreateHub,6,6,6,6,6,0,6,0,0,0.0,1.0,0.0,1.0,0.0
Branch,AddSecret,6,6,6,6,6,0,6,0,0,0.0,1.0,0.0,1.0,0.0
Branch,AddTeleport,6,6,6,6,6,0,6,0,0,0.0,1.0,0.0,1.0,0.0
Branch,AddFungibleLock,6,6,6,6,6,0,6,0,0,0.0,1.0,0.0,1.0,0.0
Branch,FormBigRoom,6,6,6,6,6,0,6,0,0,0.0,1.0,0.0,1.0,0.0
Branch,AddValve,6,6,6,6,6,0,6,0,0,0.0,1.0,0.0,1.0,0.0
Branch,AddArena,6,6,6,6,6,0,6,0,0,0.0,1.0,0.0,1.0,0.0
Branch,AddSector,6,6,6,6,6,0,6,0,0,0.0,1.0,0.0,1.0,0.0
Branch,AddHazardGate,6,6,6,6,6,0,6,0,0,0.0,1.0,0.0,1.0,0.0
Branch,SplitRoom,6,6,6,6,6,0,6,0,0,0.0,1.0,0.0,1.0,0.0
Branch,AddMultiLock,6,6,4,6,6,0,6,0,2,0.0,1.0,0.0,1.0,0.3333333333333333
Branch,PruneDeadEnd,6,6,6,6,6,0,6,0,0,0.0,1.0,0.0,1.0,0.0
MergeShortcut,InsertChallenge_ENEMY,6,6,6,6,6,0,6,0,0,0.0,1.0,0.0,1.0,0.0
MergeShortcut,InsertChallenge_PUZZLE,6,6,6,6,6,0,6,0,0,0.0,1.0,0.0,1.0,0.0
MergeShortcut,InsertLockKey,6,6,6,6,6,0,6,0,0,0.0,1.0,0.0,1.0,0.0
MergeShortcut,Branch,6,6,6,6,6,0,6,0,0,0.0,1.0,0.0,1.0,0.0
MergeShortcut,InsertSwitch,6,6,6,6,6,0,6,0,0,0.0,1.0,0.0,1.0,0.0
MergeShortcut,AddItemGate,6,6,6,6,6,0,6,0,0,0.0,1.0,0.0,1.0,0.0
MergeShortcut,CreateHub,6,6,6,6,6,0,6,0,0,0.0,1.0,0.0,1.0,0.0
MergeShortcut,AddSecret,6,6,6,6,6,0,6,0,0,0.0,1.0,0.0,1.0,0.0
MergeShortcut,AddTeleport,6,6,6,6,6,0,6,0,0,0.0,1.0,0.0,1.0,0.0
MergeShortcut,AddFungibleLock,6,6,6,6,6,0,6,0,0,0.0,1.0,0.0,1.0,0.0
MergeShortcut,FormBigRoom,6,6,6,6,6,0,6,0,0,0.0,1.0,0.0,1.0,0.0
MergeShortcut,AddValve,6,6,6,6,6,0,6,0,0,0.0,1.0,0.0,1.0,0.0
MergeShortcut,AddCollectionChallenge,6,6,4,6,6,0,6,0,2,0.0,1.0,0.0,1.0,0.3333333333333333
MergeShortcut,AddArena,6,6,6,6,6,0,6,0,0,0.0,1.0,0.0,1.0,0.0
MergeShortcut,AddSector,6,6,6,6,6,0,6,0,0,0.0,1.0,0.0,1.0,0.0
MergeShortcut,AddEntangledBranches,6,6,4,6,6,0,6,0,2,0.0,1.0,0.0,1.0,0.3333333333333333
MergeShortcut,AddHazardGate,6,6,6,6,6,0,6,0,0,0.0,1.0,0.0,1.0,0.0
MergeShortcut,SplitRoom,6,6,6,6,6,0,6,0,0,0.0,1.0,0.0,1.0,0.0
MergeShortcut,AddMultiLock,6,6,4,6,6,0,6,0,2,0.0,1.0,0.0,1.0,0.3333333333333333
InsertSwitch,InsertChallenge_ENEMY,6,6,6,6,6,0,6,0,0,0.0,1.0,0.0,1.0,0.0
InsertSwitch,InsertChallenge_PUZZLE,6,6,6,6,6,0,6,0,0,0.0,1.0,0.0,1.0,0.0
InsertSwitch,InsertLockKey,6,6,6,6,6,0,6,0,0,0.0,1.0,0.0,1.0,0.0
InsertSwitch,Branch,6,6,6,6,6,0,6,0,0,0.0,1.0,0.0,1.0,0.0
InsertSwitch,MergeShortcut,6,6,6,6,6,0,6,0,0,0.0,1.0,0.0,1.0,0.0
InsertSwitch,AddItemGate,6,6,6,6,6,0,6,0,0,0.0,1.0,0.0,1.0,0.0
InsertSwitch,CreateHub,6,6,6,6,6,0,6,0,0,0.0,1.0,0.0,1.0,0.0
InsertSwitch,AddSecret,6,6,6,6,6,0,6,0,0,0.0,1.0,0.0,1.0,0.0
InsertSwitch,AddTeleport,6,6,6,6,6,0,6,0,0,0.0,1.0,0.0,1.0,0.0
InsertSwitch,AddFungibleLock,6,6,6,6,6,0,6,0,0,0.0,1.0,0.0,1.0,0.0
InsertSwitch,FormBigRoom,6,6,6,6,6,0,6,0,0,0.0,1.0,0.0,1.0,0.0
InsertSwitch,AddValve,6,6,6,6,6,0,6,0,0,0.0,1.0,0.0,1.0,0.0
InsertSwitch,AddArena,6,6,6,6,6,0,6,0,0,0.0,1.0,0.0,1.0,0.0
InsertSwitch,AddSector,6,6,6,6,6,0,6,0,0,0.0,1.0,0.0,1.0,0.0
InsertSwitch,AddHazardGate,6,6,6,6,6,0,6,0,0,0.0,1.0,0.0,1.0,0.0
InsertSwitch,SplitRoom,6,6,6,6,6,0,6,0,0,0.0,1.0,0.0,1.0,0.0
InsertSwitch,PruneDeadEnd,6,6,6,6,6,0,6,0,0,0.0,1.0,0.0,1.0,0.0
AddBossGauntlet,InsertChallenge_ENEMY,6,2,6,2,2,0,2,0,0,0.0,1.0,0.0,1.0,0.0
AddBossGauntlet,InsertChallenge_PUZZLE,6,2,6,2,2,0,2,0,0,0.0,1.0,0.0,1.0,0.0
AddBossGauntlet,InsertLockKey,6,2,6,2,2,0,2,0,0,0.0,1.0,0.0,1.0,0.0
AddBossGauntlet,Branch,6,2,6,2,2,0,2,0,0,0.0,1.0,0.0,1.0,0.0
AddBossGauntlet,MergeShortcut,6,2,6,2,2,0,2,0,0,0.0,1.0,0.0,1.0,0.0
AddBossGauntlet,InsertSwitch,6,2,6,2,2,0,2,0,0,0.0,1.0,0.0,1.0,0.0
AddBossGauntlet,AddItemGate,6,2,6,2,2,0,2,0,0,0.0,1.0,0.0,1.0,0.0
AddBossGauntlet,CreateHub,6,2,6,2,2,0,2,0,0,0.0,1.0,0.0,1.0,0.0
AddBossGauntlet,AddSecret,6,2,6,2,2,0,2,0,0,0.0,1.0,0.0,1.0,0.0
AddBossGauntlet,AddTeleport,6,2,6,2,2,0,2,0,0,0.0,1.0,0.0,1.0,0.0
AddBossGauntlet,AddFungibleLock,6,2,6,2,2,0,2,0,0,0.0,1.0,0.0,1.0,0.0
AddBossGauntlet,FormBigRoom,6,2,6,2,2,0,2,0,0,0.0,1.0,0.0,1.0,0.0
AddBossGauntlet,AddValve,6,2,6,2,2,0,2,0,0,0.0,1.0,0.0,1.0,0.0
AddBossGauntlet,AddCollectionChallenge,6,2,4,2,2,0,2,0,1,0.0,1.0,0.0,1.0,0.5
AddBossGauntlet,AddArena,6,2,6,2,2,0,2,0,0,0.0,1.0,0.0,1.0,0.0
AddBossGauntlet,AddSector,6,2,6,2,2,0,2,0,0,0.0,1.0,0.0,1.0,0.0
AddBossGauntlet,AddEntangledBranches,6,2,4,2,2,0,2,0,1,0.0,1.0,0.0,1.0,0.5
AddBossGauntlet,AddHazardGate,6,2,6,2,2,0,2,0,0,0.0,1.0,0.0,1.0,0.0
AddBossGauntlet,SplitRoom,6,2,6,2,2,0,2,0,0,0.0,1.0,0.0,1.0,0.0
AddBossGauntlet,AddPacingBreaker,6,2,2,2,2,0,2,0,0,0.0,1.0,0.0,1.0,0.0
AddBossGauntlet,AddMultiLock,6,2,4,2,2,0,2,0,1,0.0,1.0,0.0,1.0,0.5
AddBossGauntlet,PruneDeadEnd,6,2,6,2,2,0,2,0,0,0.0,1.0,0.0,1.0,0.0
AddItemGate,InsertChallenge_ENEMY,6,6,6,6,6,0,6,0,0,0.0,1.0,0.0,1.0,0.0
AddItemGate,InsertChallenge_PUZZLE,6,6,6,6,6,0,6,0,0,0.0,1.0,0.0,1.0,0.0
AddItemGate,InsertLockKey,6,6,6,6,6,0,6,0,0,0.0,1.0,0.0,1.0,0.0
AddItemGate,Branch,6,6,6,6,6,0,6,0,0,0.0,1.0,0.0,1.0,0.0
AddItemGate,MergeShortcut,6,6,6,6,6,0,6,0,0,0.0,1.0,0.0,1.0,0.0
AddItemGate,InsertSwitch,6,6,6,6,6,0,6,0,0,0.0,1.0,0.0,1.0,0.0
AddItemGate,CreateHub,6,6,6,6,6,0,6,0,0,0.0,1.0,0.0,1.0,0.0
AddItemGate,AddSecret,6,6,6,6,6,0,6,0,0,0.0,1.0,0.0,1.0,0.0
AddItemGate,AddTeleport,6,6,6,6,6,0,6,0,0,0.0,1.0,0.0,1.0,0.0
AddItemGate,AddFungibleLock,6,6,6,6,6,0,6,0,0,0.0,1.0,0.0,1.0,0.0
AddItemGate,FormBigRoom,6,6,6,6,6,0,6,0,0,0.0,1.0,0.0,1.0,0.0
AddItemGate,AddValve,6,6,6,6,6,0,6,0,0,0.0,1.0,0.0,1.0,0.0
AddItemGate,AddArena,6,6,6,6,6,0,6,0,0,0.0,1.0,0.0,1.0,0.0
AddItemGate,AddSector,6,6,6,6,6,0,6,0,0,0.0,1.0,0.0,1.0,0.0
AddItemGate,AddHazardGate,6,6,6,6,6,0,6,0,0,0.0,1.0,0.0,1.0,0.0
AddItemGate,SplitRoom,6,6,6,6,6,0,6,0,0,0.0,1.0,0.0,1.0,0.0
AddItemGate,AddResourceLoop,6,6,1,6,6,0,6,0,5,0.0,1.0,0.0,1.0,0.8333333333333334
AddItemGate,PruneDeadEnd,6,6,6,6,6,0,6,0,0,0.0,1.0,0.0,1.0,0.0
CreateHub,InsertChallenge_ENEMY,6,6,6,6,6,0,6,0,0,0.0,1.0,0.0,1.0,0.0
CreateHub,InsertChallenge_PUZZLE,6,6,6,6,6,0,6,0,0,0.0,1.0,0.0,1.0,0.0
CreateHub,InsertLockKey,6,6,6,6,6,0,6,0,0,0.0,1.0,0.0,1.0,0.0
CreateHub,Branch,6,6,6,6,6,0,6,0,0,0.0,1.0,0.0,1.0,0.0
CreateHub,MergeShortcut,6,6,6,6,6,0,6,0,0,0.0,1.0,0.0,1.0,0.0
CreateHub,InsertSwitch,6,6,6,6,6,0,6,0,0,0.0,1.0,0.0,1.0,0.0
CreateHub,AddItemGate,6,6,6,6,6,0,6,0,0,0.0,1.0,0.0,1.0,0.0
CreateHub,AddSecret,6,6,6,6,6,0,6,0,0,0.0,1.0,0.0,1.0,0.0
CreateHub,AddTeleport,6,6,6,6,6,0,6,0,0,0.0,1.0,0.0,1.0,0.0
CreateHub,AddFungibleLock,6,6,6,6,6,0,6,0,0,0.0,1.0,0.0,1.0,0.0
CreateHub,FormBigRoom,6,6,6,6,6,0,6,0,0,0.0,1.0,0.0,1.0,0.0
CreateHub,AddValve,6,6,6,6,6,0,6,0,0,0.0,1.0,0.0,1.0,0.0
CreateHub,AddForeshadowing,6,6,0,6,6,0,6,0,6,0.0,1.0,0.0,1.0,1.0
CreateHub,AddCollectionChallenge,6,6,4,6,6,0,6,0,2,0.0,1.0,0.0,1.0,0.3333333333333333
CreateHub,AddArena,6,6,6,6,6,0,6,0,0,0.0,1.0,0.0,1.0,0.0
CreateHub,AddSector,6,6,6,6,6,0,6,0,0,0.0,1.0,0.0,1.0,0.0
CreateHub,AddEntangledBranches,6,6,4,6,6,0,6,0,2,0.0,1.0,0.0,1.0,0.3333333333333333
CreateHub,AddHazardGate,6,6,6,6,6,0,6,0,0,0.0,1.0,0.0,1.0,0.0
CreateHub,SplitRoom,6,6,6,6,6,0,6,0,0,0.0,1.0,0.0,1.0,0.0
CreateHub,AddGatekeeper,6,6,3,6,6,0,6,0,3,0.0,1.0,0.0,1.0,0.5
CreateHub,AddMultiLock,6,6,4,6,6,0,6,0,2,0.0,1.0,0.0,1.0,0.3333333333333333
CreateHub,PruneDeadEnd,6,6,6,6,6,0,6,0,0,0.0,1.0,0.0,1.0,0.0
AddStairs,InsertChallenge_ENEMY,6,4,6,4,4,0,4,0,0,0.0,1.0,0.0,1.0,0.0
AddStairs,InsertChallenge_PUZZLE,6,4,6,4,4,0,4,0,0,0.0,1.0,0.0,1.0,0.0
AddStairs,InsertLockKey,6,4,6,4,4,0,4,0,0,0.0,1.0,0.0,1.0,0.0
AddStairs,Branch,6,4,6,4,4,0,4,0,0,0.0,1.0,0.0,1.0,0.0
AddStairs,MergeShortcut,6,4,6,4,4,0,4,0,0,0.0,1.0,0.0,1.0,0.0
AddStairs,InsertSwitch,6,4,6,4,4,0,4,0,0,0.0,1.0,0.0,1.0,0.0
AddStairs,AddItemGate,6,4,6,4,4,0,4,0,0,0.0,1.0,0.0,1.0,0.0
AddStairs,CreateHub,6,4,6,4,4,0,4,0,0,0.0,1.0,0.0,1.0,0.0
AddStairs,AddSecret,6,4,6,4,4,0,4,0,0,0.0,1.0,0.0,1.0,0.0
AddStairs,AddTeleport,6,4,6,4,4,0,4,0,0,0.0,1.0,0.0,1.0,0.0
AddStairs,AddFungibleLock,6,4,6,4,4,0,4,0,0,0.0,1.0,0.0,1.0,0.0
AddStairs,FormBigRoom,6,4,6,4,4,0,4,0,0,0.0,1.0,0.0,1.0,0.0
AddStairs,AddValve,6,4,6,4,4,0,4,0,0,0.0,1.0,0.0,1.0,0.0
AddStairs,AddCollectionChallenge,6,4,4,4,4,0,4,0,2,0.0,1.0,0.0,1.0,0.5
AddStairs,AddArena,6,4,6,4,4,0,4,0,0,0.0,1.0,0.0,1.0,0.0
AddStairs,AddSector,6,4,6,4,4,0,4,0,0,0.0,1.0,0.0,1.0,0.0
AddStairs,AddHazardGate,6,4,6,4,4,0,4,0,0,0.0,1.0,0.0,1.0,0.0
AddStairs,SplitRoom,6,4,6,4,4,0,4,0,0,0.0,1.0,0.0,1.0,0.0
AddStairs,AddSkillChain,6,4,4,4,4,0,4,0,1,0.0,1.0,0.0,1.0,0.25
AddStairs,AddMultiLock,6,4,4,4,4,0,4,0,2,0.0,1.0,0.0,1.0,0.5
AddStairs,PruneDeadEnd,6,4,6,4,4,0,4,0,0,0.0,1.0,0.0,1.0,0.0
AddSecret,InsertChallenge_ENEMY,6,6,6,6,6,0,6,0,0,0.0,1.0,0.0,1.0,0.0
AddSecret,InsertChallenge_PUZZLE,6,6,6,6,6,0,6,0,0,0.0,1.0,0.0,1.0,0.0
AddSecret,InsertLockKey,6,6,6,6,6,0,6,0,0,0.0,1.0,0.0,1.0,0.0
AddSecret,Branch,6,6,6,6,6,0,6,0,0,0.0,1.0,0.0,1.0,0.0
AddSecret,MergeShortcut,6,6,6,6,6,0,6,0,0,0.0,1.0,0.0,1.0,0.0
AddSecret,InsertSwitch,6,6,6,6,6,0,6,0,0,0.0,1.0,0.0,1.0,0.0
AddSecret,AddItemGate,6,6,6,6,6,0,6,0,0,0.0,1.0,0.0,1.0,0.0
AddSecret,CreateHub,6,6,6,6,6,0,6,0,0,0.0,1.0,0.0,1.0,0.0
AddSecret,AddTeleport,6,6,6,6,6,0,6,0,0,0.0,1.0,0.0,1.0,0.0
AddSecret,AddFungibleLock,6,6,6,6,6,0,6,0,0,0.0,1.0,0.0,1.0,0.0
AddSecret,FormBigRoom,6,6,6,6,6,0,6,0,0,0.0,1.0,0.0,1.0,0.0
AddSecret,AddValve,6,6,6,6,6,0,6,0,0,0.0,1.0,0.0,1.0,0.0
AddSecret,AddArena,6,6,6,6,6,0,6,0,0,0.0,1.0,0.0,1.0,0.0
AddSecret,AddSector,6,6,6,6,6,0,6,0,0,0.0,1.0,0.0,1.0,0.0
AddSecret,AddEntangledBranches,6,6,4,6,6,0,6,0,2,0.0,1.0,0.0,1.0,0.3333333333333333
AddSecret,AddHazardGate,6,6,6,6,6,0,6,0,0,0.0,1.0,0.0,1.0,0.0
AddSecret,SplitRoom,6,6,6,6,6,0,6,0,0,0.0,1.0,0.0,1.0,0.0
AddTeleport,InsertChallenge_ENEMY,6,6,6,6,6,0,6,0,0,0.0,1.0,0.0,1.0,0.0
AddTeleport,InsertChallenge_PUZZLE,6,6,6,6,6,0,6,0,0,0.0,1.0,0.0,1.0,0.0
AddTeleport,InsertLockKey,6,6,6,6,6,0,6,0,0,0.0,1.0,0.0,1.0,0.0
AddTeleport,Branch,6,6,6,6,6,0,6,0,0,0.0,1.0,0.0,1.0,0.0
AddTeleport,MergeShortcut,6,6,6,6,6,0,6,0,0,0.0,1.0,0.0,1.0,0.0
AddTeleport,InsertSwitch,6,6,6,6,6,0,6,0,0,0.0,1.0,0.0,1.0,0.0
AddTeleport,AddItemGate,6,6,6,6,6,0,6,0,0,0.0,1.0,0.0,1.0,0.0
AddTeleport,CreateHub,6,6,6,6,6,0,6,0,0,0.0,1.0,0.0,1.0,0.0
AddTeleport,AddSecret,6,6,6,6,6,0,6,0,0,0.0,1.0,0.0,1.0,0.0
AddTeleport,AddFungibleLock,6,6,6,6,6,0,6,0,0,0.0,1.0,0.0,1.0,0.0
AddTeleport,FormBigRoom,6,6,6,6,6,0,6,0,0,0.0,1.0,0.0,1.0,0.0
AddTeleport,AddValve,6,6,6,6,6,0,6,0,0,0.0,1.0,0.0,1.0,0.0
AddTeleport,AddArena,6,6,6,6,6,0,6,0,0,0.0,1.0,0.0,1.0,0.0
AddTeleport,AddSector,6,6,6,6,6,0,6,0,0,0.0,1.0,0.0,1.0,0.0
AddTeleport,AddHazardGate,6,6,6,6,6,0,6,0,0,0.0,1.0,0.0,1.0,0.0
AddTeleport,SplitRoom,6,6,6,6,6,0,6,0,0,0.0,1.0,0.0,1.0,0.0
AddFungibleLock,InsertChallenge_ENEMY,6,6,6,6,6,0,6,0,0,0.0,1.0,0.0,1.0,0.0
AddFungibleLock,InsertChallenge_PUZZLE,6,6,6,6,6,0,6,0,0,0.0,1.0,0.0,1.0,0.0
AddFungibleLock,InsertLockKey,6,6,6,6,6,0,6,0,0,0.0,1.0,0.0,1.0,0.0
AddFungibleLock,Branch,6,6,6,6,6,0,6,0,0,0.0,1.0,0.0,1.0,0.0
AddFungibleLock,MergeShortcut,6,6,6,6,6,0,6,0,0,0.0,1.0,0.0,1.0,0.0
AddFungibleLock,InsertSwitch,6,6,6,6,6,0,6,0,0,0.0,1.0,0.0,1.0,0.0
AddFungibleLock,AddItemGate,6,6,6,6,6,0,6,0,0,0.0,1.0,0.0,1.0,0.0
AddFungibleLock,CreateHub,6,6,6,6,6,0,6,0,0,0.0,1.0,0.0,1.0,0.0
AddFungibleLock,AddSecret,6,6,6,6,6,0,6,0,0,0.0,1.0,0.0,1.0,0.0
AddFungibleLock,AddTeleport,6,6,6,6,6,0,6,0,0,0.0,1.0,0.0,1.0,0.0
AddFungibleLock,FormBigRoom,6,6,6,6,6,0,6,0,0,0.0,1.0,0.0,1.0,0.0
AddFungibleLock,AddValve,6,6,6,6,6,0,6,0,0,0.0,1.0,0.0,1.0,0.0
AddFungibleLock,AddArena,6,6,6,6,6,0,6,0,0,0.0,1.0,0.0,1.0,0.0
AddFungibleLock,AddSector,6,6,6,6,6,0,6,0,0,0.0,1.0,0.0,1.0,0.0
AddFungibleLock,AddHazardGate,6,6,6,6,6,0,6,0,0,0.0,1.0,0.0,1.0,0.0
AddFungibleLock,SplitRoom,6,6,6,6,6,0,6,0,0,0.0,1.0,0.0,1.0,0.0
AddFungibleLock,PruneDeadEnd,6,6,6,6,6,0,6,0,0,0.0,1.0,0.0,1.0,0.0
FormBigRoom,InsertChallenge_ENEMY,6,6,6,6,6,0,6,0,0,0.0,1.0,0.0,1.0,0.0
FormBigRoom,InsertChallenge_PUZZLE,6,6,6,6,6,0,6,0,0,0.0,1.0,0.0,1.0,0.0
FormBigRoom,InsertLockKey,6,6,6,6,6,0,6,0,0,0.0,1.0,0.0,1.0,0.0
FormBigRoom,Branch,6,6,6,6,6,0,6,0,0,0.0,1.0,0.0,1.0,0.0
FormBigRoom,MergeShortcut,6,6,6,6,6,0,6,0,0,0.0,1.0,0.0,1.0,0.0
FormBigRoom,InsertSwitch,6,6,6,6,6,0,6,0,0,0.0,1.0,0.0,1.0,0.0
FormBigRoom,AddItemGate,6,6,6,6,6,0,6,0,0,0.0,1.0,0.0,1.0,0.0
FormBigRoom,CreateHub,6,6,6,6,6,0,6,0,0,0.0,1.0,0.0,1.0,0.0
FormBigRoom,AddStairs,6,6,4,6,6,0,6,0,2,0.0,1.0,0.0,1.0,0.3333333333333333
FormBigRoom,AddSecret,6,6,6,6,6,0,6,0,0,0.0,1.0,0.0,1.0,0.0
FormBigRoom,AddTeleport,6,6,6,6,6,0,6,0,0,0.0,1.0,0.0,1.0,0.0
FormBigRoom,AddFungibleLock,6,6,6,6,6,0,6,0,0,0.0,1.0,0.0,1.0,0.0
FormBigRoom,AddValve,6,6,6,6,6,0,6,0,0,0.0,1.0,0.0,1.0,0.0
FormBigRoom,AddArena,6,6,6,6,6,0,6,0,0,0.0,1.0,0.0,1.0,0.0
FormBigRoom,AddSector,6,6,6,6,6,0,6,0,0,0.0,1.0,0.0,1.0,0.0
FormBigRoom,AddHazardGate,6,6,6,6,6,0,6,0,0,0.0,1.0,0.0,1.0,0.0
FormBigRoom,SplitRoom,6,6,6,6,6,0,6,0,0,0.0,1.0,0.0,1.0,0.0
FormBigRoom,PruneDeadEnd,6,6,6,6,6,0,6,0,0,0.0,1.0,0.0,1.0,0.0
AddValve,InsertChallenge_ENEMY,6,6,6,6,6,0,6,0,0,0.0,1.0,0.0,1.0,0.0
AddValve,InsertChallenge_PUZZLE,6,6,6,6,6,0,6,0,0,0.0,1.0,0.0,1.0,0.0
AddValve,InsertLockKey,6,6,6,6,6,0,6,0,0,0.0,1.0,0.0,1.0,0.0
AddValve,Branch,6,6,6,6,6,0,6,0,0,0.0,1.0,0.0,1.0,0.0
AddValve,MergeShortcut,6,6,6,6,6,0,6,0,0,0.0,1.0,0.0,1.0,0.0
AddValve,InsertSwitch,6,6,6,6,6,0,6,0,0,0.0,1.0,0.0,1.0,0.0
AddValve,AddItemGate,6,6,6,6,6,0,6,0,0,0.0,1.0,0.0,1.0,0.0
AddValve,CreateHub,6,6,6,6,6,0,6,0,0,0.0,1.0,0.0,1.0,0.0
AddValve,AddSecret,6,6,6,6,6,0,6,0,0,0.0,1.0,0.0,1.0,0.0
AddValve,AddTeleport,6,6,6,6,6,0,6,0,0,0.0,1.0,0.0,1.0,0.0
AddValve,AddFungibleLock,6,6,6,6,6,0,6,0,0,0.0,1.0,0.0,1.0,0.0
AddValve,FormBigRoom,6,6,6,6,6,0,6,0,0,0.0,1.0,0.0,1.0,0.0
AddValve,AddArena,6,6,6,6,6,0,6,0,0,0.0,1.0,0.0,1.0,0.0
AddValve,AddSector,6,6,6,6,6,0,6,0,0,0.0,1.0,0.0,1.0,0.0
AddValve,AddHazardGate,6,6,6,6,6,0,6,0,0,0.0,1.0,0.0,1.0,0.0
AddValve,SplitRoom,6,6,6,6,6,0,6,0,0,0.0,1.0,0.0,1.0,0.0
AddValve,PruneDeadEnd,6,6,6,6,6,0,6,0,0,0.0,1.0,0.0,1.0,0.0
AddCollectionChallenge,InsertChallenge_ENEMY,6,4,6,4,4,0,4,0,0,0.0,1.0,0.0,1.0,0.0
AddCollectionChallenge,InsertChallenge_PUZZLE,6,4,6,4,4,0,4,0,0,0.0,1.0,0.0,1.0,0.0
AddCollectionChallenge,InsertLockKey,6,4,6,4,4,0,4,0,0,0.0,1.0,0.0,1.0,0.0
AddCollectionChallenge,Branch,6,4,6,4,4,0,4,0,0,0.0,1.0,0.0,1.0,0.0
AddCollectionChallenge,MergeShortcut,6,4,6,4,4,0,4,0,0,0.0,1.0,0.0,1.0,0.0
AddCollectionChallenge,InsertSwitch,6,4,6,4,4,0,4,0,0,0.0,1.0,0.0,1.0,0.0
AddCollectionChallenge,AddItemGate,6,4,6,4,4,0,4,0,0,0.0,1.0,0.0,1.0,0.0
AddCollectionChallenge,CreateHub,6,4,6,4,4,0,4,0,0,0.0,1.0,0.0,1.0,0.0
AddCollectionChallenge,AddSecret,6,4,6,4,4,0,4,0,0,0.0,1.0,0.0,1.0,0.0
AddCollectionChallenge,AddTeleport,6,4,6,4,4,0,4,0,0,0.0,1.0,0.0,1.0,0.0
AddCollectionChallenge,AddFungibleLock,6,4,6,4,4,0,4,0,0,0.0,1.0,0.0,1.0,0.0
AddCollectionChallenge,FormBigRoom,6,4,6,4,4,0,4,0,0,0.0,1.0,0.0,1.0,0.0
AddCollectionChallenge,AddValve,6,4,6,4,4,0,4,0,0,0.0,1.0,0.0,1.0,0.0
AddCollectionChallenge,AddArena,6,4,6,4,4,0,4,0,0,0.0,1.0,0.0,1.0,0.0
AddCollectionChallenge,AddSector,6,4,6,4,4,0,4,0,0,0.0,1.0,0.0,1.0,0.0
AddCollectionChallenge,AddEntangledBranches,6,4,4,4,4,0,4,0,0,0.0,1.0,0.0,1.0,0.0
AddCollectionChallenge,AddHazardGate,6,4,6,4,4,0,4,0,0,0.0,1.0,0.0,1.0,0.0
AddCollectionChallenge,SplitRoom,6,4,6,4,4,0,4,0,0,0.0,1.0,0.0,1.0,0.0
AddCollectionChallenge,AddMultiLock,6,4,4,4,4,0,4,0,0,0.0,1.0,0.0,1.0,0.0
AddCollectionChallenge,PruneDeadEnd,6,4,6,4,4,0,4,0,0,0.0,1.0,0.0,1.0,0.0
AddArena,InsertChallenge_ENEMY,6,6,6,6,6,0,6,0,0,0.0,1.0,0.0,1.0,0.0
AddArena,InsertChallenge_PUZZLE,6,6,6,6,6,0,6,0,0,0.0,1.0,0.0,1.0,0.0
AddArena,InsertLockKey,6,6,6,6,6,0,6,0,0,0.0,1.0,0.0,1.0,0.0
AddArena,Branch,6,6,6,6,6,0,6,0,0,0.0,1.0,0.0,1.0,0.0
AddArena,MergeShortcut,6,6,6,6,6,0,6,0,0,0.0,1.0,0.0,1.0,0.0
AddArena,InsertSwitch,6,6,6,6,6,0,6,0,0,0.0,1.0,0.0,1.0,0.0
AddArena,AddItemGate,6,6,6,6,6,0,6,0,0,0.0,1.0,0.0,1.0,0.0
AddArena,CreateHub,6,6,6,6,6,0,6,0,0,0.0,1.0,0.0,1.0,0.0
AddArena,AddSecret,6,6,6,6,6,0,6,0,0,0.0,1.0,0.0,1.0,0.0
AddArena,AddTeleport,6,6,6,6,6,0,6,0,0,0.0,1.0,0.0,1.0,0.0
AddArena,AddFungibleLock,6,6,6,6,6,0,6,0,0,0.0,1.0,0.0,1.0,0.0
AddArena,FormBigRoom,6,6,6,6,6,0,6,0,0,0.0,1.0,0.0,1.0,0.0
AddArena,AddValve,6,6,6,6,6,0,6,0,0,0.0,1.0,0.0,1.0,0.0
AddArena,AddSector,6,6,6,6,6,0,6,0,0,0.0,1.0,0.0,1.0,0.0
AddArena,AddHazardGate,6,6,6,6,6,0,6,0,0,0.0,1.0,0.0,1.0,0.0
AddArena,SplitRoom,6,6,6,6,6,0,6,0,0,0.0,1.0,0.0,1.0,0.0
AddArena,PruneDeadEnd,6,6,6,6,6,0,6,0,0,0.0,1.0,0.0,1.0,0.0
AddSector,InsertChallenge_ENEMY,6,6,6,6,6,0,6,0,0,0.0,1.0,0.0,1.0,0.0
AddSector,InsertChallenge_PUZZLE,6,6,6,6,6,0,6,0,0,0.0,1.0,0.0,1.0,0.0
AddSector,InsertLockKey,6,6,6,6,6,0,6,0,0,0.0,1.0,0.0,1.0,0.0
AddSector,Branch,6,6,6,6,6,0,6,0,0,0.0,1.0,0.0,1.0,0.0
AddSector,MergeShortcut,6,6,6,6,6,0,6,0,0,0.0,1.0,0.0,1.0,0.0
AddSector,InsertSwitch,6,6,6,6,6,0,6,0,0,0.0,1.0,0.0,1.0,0.0
AddSector,AddItemGate,6,6,6,6,6,0,6,0,0,0.0,1.0,0.0,1.0,0.0
AddSector,CreateHub,6,6,6,6,6,0,6,0,0,0.0,1.0,0.0,1.0,0.0
AddSector,AddSecret,6,6,6,6,6,0,6,0,0,0.0,1.0,0.0,1.0,0.0
AddSector,AddTeleport,6,6,6,6,6,0,6,0,0,0.0,1.0,0.0,1.0,0.0
AddSector,AddFungibleLock,6,6,6,6,6,0,6,0,0,0.0,1.0,0.0,1.0,0.0
AddSector,FormBigRoom,6,6,6,6,6,0,6,0,0,0.0,1.0,0.0,1.0,0.0
AddSector,AddValve,6,6,6,6,6,0,6,0,0,0.0,1.0,0.0,1.0,0.0
AddSector,AddCollectionChallenge,6,6,4,6,6,0,6,0,2,0.0,1.0,0.0,1.0,0.3333333333333333
AddSector,AddArena,6,6,6,6,6,0,6,0,0,0.0,1.0,0.0,1.0,0.0
AddSector,AddEntangledBranches,6,6,4,6,6,0,6,0,2,0.0,1.0,0.0,1.0,0.3333333333333333
AddSector,AddHazardGate,6,6,6,6,6,0,6,0,0,0.0,1.0,0.0,1.0,0.0
AddSector,SplitRoom,6,6,6,6,6,0,6,0,0,0.0,1.0,0.0,1.0,0.0
AddSector,AddMultiLock,6,6,4,6,6,0,6,0,2,0.0,1.0,0.0,1.0,0.3333333333333333
AddSector,PruneDeadEnd,6,6,6,6,6,0,6,0,0,0.0,1.0,0.0,1.0,0.0
AddEntangledBranches,InsertChallenge_ENEMY,6,4,6,4,4,0,4,0,0,0.0,1.0,0.0,1.0,0.0
AddEntangledBranches,InsertChallenge_PUZZLE,6,4,6,4,4,0,4,0,0,0.0,1.0,0.0,1.0,0.0
AddEntangledBranches,InsertLockKey,6,4,6,4,4,0,4,0,0,0.0,1.0,0.0,1.0,0.0
AddEntangledBranches,Branch,6,4,6,4,4,0,4,0,0,0.0,1.0,0.0,1.0,0.0
AddEntangledBranches,MergeShortcut,6,4,6,4,4,0,4,0,0,0.0,1.0,0.0,1.0,0.0
AddEntangledBranches,InsertSwitch,6,4,6,4,4,0,4,0,0,0.0,1.0,0.0,1.0,0.0
AddEntangledBranches,AddItemGate,6,4,6,4,4,0,4,0,0,0.0,1.0,0.0,1.0,0.0
AddEntangledBranches,CreateHub,6,4,6,4,4,0,4,0,0,0.0,1.0,0.0,1.0,0.0
AddEntangledBranches,AddSecret,6,4,6,4,4,0,4,0,0,0.0,1.0,0.0,1.0,0.0
AddEntangledBranches,AddTeleport,6,4,6,4,4,0,4,0,0,0.0,1.0,0.0,1.0,0.0
AddEntangledBranches,AddFungibleLock,6,4,6,4,4,0,4,0,0,0.0,1.0,0.0,1.0,0.0
AddEntangledBranches,FormBigRoom,6,4,6,4,4,0,4,0,0,0.0,1.0,0.0,1.0,0.0
AddEntangledBranches,AddValve,6,4,6,4,4,0,4,0,0,0.0,1.0,0.0,1.0,0.0
AddEntangledBranches,AddCollectionChallenge,6,4,4,4,4,0,4,0,0,0.0,1.0,0.0,1.0,0.0
AddEntangledBranches,AddArena,6,4,6,4,4,0,4,0,0,0.0,1.0,0.0,1.0,0.0
AddEntangledBranches,AddSector,6,4,6,4,4,0,4,0,0,0.0,1.0,0.0,1.0,0.0
AddEntangledBranches,AddHazardGate,6,4,6,4,4,0,4,0,0,0.0,1.0,0.0,1.0,0.0
AddEntangledBranches,SplitRoom,6,4,6,4,4,0,4,0,0,0.0,1.0,0.0,1.0,0.0
AddEntangledBranches,AddMultiLock,6,4,4,4,4,0,4,0,0,0.0,1.0,0.0,1.0,0.0
AddHazardGate,InsertChallenge_ENEMY,6,6,6,6,6,0,6,0,0,0.0,1.0,0.0,1.0,0.0
AddHazardGate,InsertChallenge_PUZZLE,6,6,6,6,6,0,6,0,0,0.0,1.0,0.0,1.0,0.0
AddHazardGate,InsertLockKey,6,6,6,6,6,0,6,0,0,0.0,1.0,0.0,1.0,0.0
AddHazardGate,Branch,6,6,6,6,6,0,6,0,0,0.0,1.0,0.0,1.0,0.0
AddHazardGate,MergeShortcut,6,6,6,6,6,0,6,0,0,0.0,1.0,0.0,1.0,0.0
AddHazardGate,InsertSwitch,6,6,6,6,6,0,6,0,0,0.0,1.0,0.0,1.0,0.0
AddHazardGate,AddItemGate,6,6,6,6,6,0,6,0,0,0.0,1.0,0.0,1.0,0.0
AddHazardGate,CreateHub,6,6,6,6,6,0,6,0,0,0.0,1.0,0.0,1.0,0.0
AddHazardGate,AddSecret,6,6,6,6,6,0,6,0,0,0.0,1.0,0.0,1.0,0.0
AddHazardGate,AddTeleport,6,6,6,6,6,0,6,0,0,0.0,1.0,0.0,1.0,0.0
AddHazardGate,AddFungibleLock,6,6,6,6,6,0,6,0,0,0.0,1.0,0.0,1.0,0.0
AddHazardGate,FormBigRoom,6,6,6,6,6,0,6,0,0,0.0,1.0,0.0,1.0,0.0
AddHazardGate,AddValve,6,6,6,6,6,0,6,0,0,0.0,1.0,0.0,1.0,0.0
AddHazardGate,AddArena,6,6,6,6,6,0,6,0,0,0.0,1.0,0.0,1.0,0.0
AddHazardGate,AddSector,6,6,6,6,6,0,6,0,0,0.0,1.0,0.0,1.0,0.0
AddHazardGate,SplitRoom,6,6,6,6,6,0,6,0,0,0.0,1.0,0.0,1.0,0.0
AddHazardGate,AddMultiLock,6,6,4,6,6,0,6,0,2,0.0,1.0,0.0,1.0,0.3333333333333333
AddHazardGate,PruneDeadEnd,6,6,6,6,6,0,6,0,0,0.0,1.0,0.0,1.0,0.0
SplitRoom,InsertChallenge_ENEMY,6,6,6,6,6,0,6,0,0,0.0,1.0,0.0,1.0,0.0
SplitRoom,InsertChallenge_PUZZLE,6,6,6,6,6,0,6,0,0,0.0,1.0,0.0,1.0,0.0
SplitRoom,InsertLockKey,6,6,6,6,6,0,6,0,0,0.0,1.0,0.0,1.0,0.0
SplitRoom,Branch,6,6,6,6,6,0,6,0,0,0.0,1.0,0.0,1.0,0.0
SplitRoom,MergeShortcut,6,6,6,6,6,0,6,0,0,0.0,1.0,0.0,1.0,0.0
SplitRoom,InsertSwitch,6,6,6,6,6,0,6,0,0,0.0,1.0,0.0,1.0,0.0
SplitRoom,AddItemGate,6,6,6,6,6,0,6,0,0,0.0,1.0,0.0,1.0,0.0
SplitRoom,CreateHub,6,6,6,6,6,0,6,0,0,0.0,1.0,0.0,1.0,0.0
SplitRoom,AddSecret,6,6,6,6,6,0,6,0,0,0.0,1.0,0.0,1.0,0.0
SplitRoom,AddTeleport,6,6,6,6,6,0,6,0,0,0.0,1.0,0.0,1.0,0.0
SplitRoom,AddFungibleLock,6,6,6,6,6,0,6,0,0,0.0,1.0,0.0,1.0,0.0
SplitRoom,FormBigRoom,6,6,6,6,6,0,6,0,0,0.0,1.0,0.0,1.0,0.0
SplitRoom,AddValve,6,6,6,6,6,0,6,0,0,0.0,1.0,0.0,1.0,0.0
SplitRoom,AddArena,6,6,6,6,6,0,6,0,0,0.0,1.0,0.0,1.0,0.0
SplitRoom,AddSector,6,6,6,6,6,0,6,0,0,0.0,1.0,0.0,1.0,0.0
SplitRoom,AddHazardGate,6,6,6,6,6,0,6,0,0,0.0,1.0,0.0,1.0,0.0
SplitRoom,PruneDeadEnd,6,6,6,6,6,0,6,0,0,0.0,1.0,0.0,1.0,0.0
AddSkillChain,InsertChallenge_ENEMY,6,4,6,4,4,0,4,0,0,0.0,1.0,0.0,1.0,0.0
AddSkillChain,InsertChallenge_PUZZLE,6,4,6,4,4,0,4,0,0,0.0,1.0,0.0,1.0,0.0
AddSkillChain,InsertLockKey,6,4,6,4,4,0,4,0,0,0.0,1.0,0.0,1.0,0.0
AddSkillChain,Branch,6,4,6,4,4,0,4,0,0,0.0,1.0,0.0,1.0,0.0
AddSkillChain,MergeShortcut,6,4,6,4,4,0,4,0,0,0.0,1.0,0.0,1.0,0.0
AddSkillChain,InsertSwitch,6,4,6,4,4,0,4,0,0,0.0,1.0,0.0,1.0,0.0
AddSkillChain,AddItemGate,6,4,6,4,4,0,4,0,0,0.0,1.0,0.0,1.0,0.0
AddSkillChain,CreateHub,6,4,6,4,4,0,4,0,0,0.0,1.0,0.0,1.0,0.0
AddSkillChain,AddStairs,6,4,4,4,4,0,4,0,1,0.0,1.0,0.0,1.0,0.25
AddSkillChain,AddSecret,6,4,6,4,4,0,4,0,0,0.0,1.0,0.0,1.0,0.0
AddSkillChain,AddTeleport,6,4,6,4,4,0,4,0,0,0.0,1.0,0.0,1.0,0.0
AddSkillChain,AddFungibleLock,6,4,6,4,4,0,4,0,0,0.0,1.0,0.0,1.0,0.0
AddSkillChain,FormBigRoom,6,4,6,4,4,0,4,0,0,0.0,1.0,0.0,1.0,0.0
AddSkillChain,AddValve,6,4,6,4,4,0,4,0,0,0.0,1.0,0.0,1.0,0.0
AddSkillChain,AddArena,6,4,6,4,4,0,4,0,0,0.0,1.0,0.0,1.0,0.0
AddSkillChain,AddSector,6,4,6,4,4,0,4,0,0,0.0,1.0,0.0,1.0,0.0
AddSkillChain,AddHazardGate,6,4,6,4,4,0,4,0,0,0.0,1.0,0.0,1.0,0.0
AddSkillChain,SplitRoom,6,4,6,4,4,0,4,0,0,0.0,1.0,0.0,1.0,0.0
AddSkillChain,PruneDeadEnd,6,4,6,4,4,0,4,0,0,0.0,1.0,0.0,1.0,0.0
AddPacingBreaker,InsertChallenge_ENEMY,6,2,6,2,2,0,2,0,0,0.0,1.0,0.0,1.0,0.0
AddPacingBreaker,InsertChallenge_PUZZLE,6,2,6,2,2,0,2,0,0,0.0,1.0,0.0,1.0,0.0
AddPacingBreaker,InsertLockKey,6,2,6,2,2,0,2,0,0,0.0,1.0,0.0,1.0,0.0
AddPacingBreaker,Branch,6,2,6,2,2,0,2,0,0,0.0,1.0,0.0,1.0,0.0
AddPacingBreaker,MergeShortcut,6,2,6,2,2,0,2,0,0,0.0,1.0,0.0,1.0,0.0
AddPacingBreaker,InsertSwitch,6,2,6,2,2,0,2,0,0,0.0,1.0,0.0,1.0,0.0
AddPacingBreaker,AddBossGauntlet,6,2,2,2,2,0,2,0,0,0.0,1.0,0.0,1.0,0.0
AddPacingBreaker,AddItemGate,6,2,6,2,2,0,2,0,0,0.0,1.0,0.0,1.0,0.0
AddPacingBreaker,CreateHub,6,2,6,2,2,0,2,0,0,0.0,1.0,0.0,1.0,0.0
AddPacingBreaker,AddSecret,6,2,6,2,2,0,2,0,0,0.0,1.0,0.0,1.0,0.0
AddPacingBreaker,AddTeleport,6,2,6,2,2,0,2,0,0,0.0,1.0,0.0,1.0,0.0
AddPacingBreaker,AddFungibleLock,6,2,6,2,2,0,2,0,0,0.0,1.0,0.0,1.0,0.0
AddPacingBreaker,FormBigRoom,6,2,6,2,2,0,2,0,0,0.0,1.0,0.0,1.0,0.0
AddPacingBreaker,AddValve,6,2,6,2,2,0,2,0,0,0.0,1.0,0.0,1.0,0.0
AddPacingBreaker,AddArena,6,2,6,2,2,0,2,0,0,0.0,1.0,0.0,1.0,0.0
AddPacingBreaker,AddSector,6,2,6,2,2,0,2,0,0,0.0,1.0,0.0,1.0,0.0
AddPacingBreaker,AddHazardGate,6,2,6,2,2,0,2,0,0,0.0,1.0,0.0,1.0,0.0
AddPacingBreaker,SplitRoom,6,2,6,2,2,0,2,0,0,0.0,1.0,0.0,1.0,0.0
AddPacingBreaker,PruneDeadEnd,6,2,6,2,2,0,2,0,0,0.0,1.0,0.0,1.0,0.0
AddResourceLoop,InsertChallenge_ENEMY,6,1,6,1,1,0,1,0,0,0.0,1.0,0.0,1.0,0.0
AddResourceLoop,InsertChallenge_PUZZLE,6,1,6,1,1,0,1,0,0,0.0,1.0,0.0,1.0,0.0
AddResourceLoop,InsertLockKey,6,1,6,1,1,0,1,0,0,0.0,1.0,0.0,1.0,0.0
AddResourceLoop,Branch,6,1,6,1,1,0,1,0,0,0.0,1.0,0.0,1.0,0.0
AddResourceLoop,MergeShortcut,6,1,6,1,1,0,1,0,0,0.0,1.0,0.0,1.0,0.0
AddResourceLoop,InsertSwitch,6,1,6,1,1,0,1,0,0,0.0,1.0,0.0,1.0,0.0
AddResourceLoop,AddItemGate,6,1,6,1,1,0,1,0,0,0.0,1.0,0.0,1.0,0.0
AddResourceLoop,CreateHub,6,1,6,1,1,0,1,0,0,0.0,1.0,0.0,1.0,0.0
AddResourceLoop,AddStairs,6,1,4,1,1,0,1,0,0,0.0,1.0,0.0,1.0,0.0
AddResourceLoop,AddSecret,6,1,6,1,1,0,1,0,0,0.0,1.0,0.0,1.0,0.0
AddResourceLoop,AddTeleport,6,1,6,1,1,0,1,0,0,0.0,1.0,0.0,1.0,0.0
AddResourceLoop,AddFungibleLock,6,1,6,1,1,0,1,0,0,0.0,1.0,0.0,1.0,0.0
AddResourceLoop,FormBigRoom,6,1,6,1,1,0,1,0,0,0.0,1.0,0.0,1.0,0.0
AddResourceLoop,AddValve,6,1,6,1,1,0,1,0,0,0.0,1.0,0.0,1.0,0.0
AddResourceLoop,AddCollectionChallenge,6,1,4,1,1,0,1,0,0,0.0,1.0,0.0,1.0,0.0
AddResourceLoop,AddArena,6,1,6,1,1,0,1,0,0,0.0,1.0,0.0,1.0,0.0
AddResourceLoop,AddSector,6,1,6,1,1,0,1,0,0,0.0,1.0,0.0,1.0,0.0
AddResourceLoop,AddEntangledBranches,6,1,4,1,1,0,1,0,0,0.0,1.0,0.0,1.0,0.0
AddResourceLoop,AddHazardGate,6,1,6,1,1,0,1,0,0,0.0,1.0,0.0,1.0,0.0
AddResourceLoop,SplitRoom,6,1,6,1,1,0,1,0,0,0.0,1.0,0.0,1.0,0.0
AddResourceLoop,AddSkillChain,6,1,4,1,1,0,1,0,0,0.0,1.0,0.0,1.0,0.0
AddResourceLoop,AddGatekeeper,6,1,3,1,1,0,1,0,0,0.0,1.0,0.0,1.0,0.0
AddResourceLoop,AddMultiLock,6,1,4,1,1,0,1,0,0,0.0,1.0,0.0,1.0,0.0
AddResourceLoop,PruneDeadEnd,6,1,6,1,1,0,1,0,0,0.0,1.0,0.0,1.0,0.0
AddGatekeeper,InsertChallenge_ENEMY,6,3,6,3,3,0,3,0,0,0.0,1.0,0.0,1.0,0.0
AddGatekeeper,InsertChallenge_PUZZLE,6,3,6,3,3,0,3,0,0,0.0,1.0,0.0,1.0,0.0
AddGatekeeper,InsertLockKey,6,3,6,3,3,0,3,0,0,0.0,1.0,0.0,1.0,0.0
AddGatekeeper,Branch,6,3,6,3,3,0,3,0,0,0.0,1.0,0.0,1.0,0.0
AddGatekeeper,MergeShortcut,6,3,6,3,3,0,3,0,0,0.0,1.0,0.0,1.0,0.0
AddGatekeeper,InsertSwitch,6,3,6,3,3,0,3,0,0,0.0,1.0,0.0,1.0,0.0
AddGatekeeper,AddItemGate,6,3,6,3,3,0,3,0,0,0.0,1.0,0.0,1.0,0.0
AddGatekeeper,CreateHub,6,3,6,3,3,0,3,0,0,0.0,1.0,0.0,1.0,0.0
AddGatekeeper,AddSecret,6,3,6,3,3,0,3,0,0,0.0,1.0,0.0,1.0,0.0
AddGatekeeper,AddTeleport,6,3,6,3,3,0,3,0,0,0.0,1.0,0.0,1.0,0.0
AddGatekeeper,AddFungibleLock,6,3,6,3,3,0,3,0,0,0.0,1.0,0.0,1.0,0.0
AddGatekeeper,FormBigRoom,6,3,6,3,3,0,3,0,0,0.0,1.0,0.0,1.0,0.0
AddGatekeeper,AddValve,6,3,6,3,3,0,3,0,0,0.0,1.0,0.0,1.0,0.0
AddGatekeeper,AddArena,6,3,6,3,3,0,3,0,0,0.0,1.0,0.0,1.0,0.0
AddGatekeeper,AddSector,6,3,6,3,3,0,3,0,0,0.0,1.0,0.0,1.0,0.0
AddGatekeeper,AddHazardGate,6,3,6,3,3,0,3,0,0,0.0,1.0,0.0,1.0,0.0
AddGatekeeper,SplitRoom,6,3,6,3,3,0,3,0,0,0.0,1.0,0.0,1.0,0.0
AddGatekeeper,PruneDeadEnd,6,3,6,3,3,0,3,0,0,0.0,1.0,0.0,1.0,0.0
AddMultiLock,InsertChallenge_ENEMY,6,4,6,4,4,0,4,0,0,0.0,1.0,0.0,1.0,0.0
AddMultiLock,InsertChallenge_PUZZLE,6,4,6,4,4,0,4,0,0,0.0,1.0,0.0,1.0,0.0
AddMultiLock,InsertLockKey,6,4,6,4,4,0,4,0,0,0.0,1.0,0.0,1.0,0.0
AddMultiLock,Branch,6,4,6,4,4,0,4,0,0,0.0,1.0,0.0,1.0,0.0
AddMultiLock,MergeShortcut,6,4,6,4,4,0,4,0,0,0.0,1.0,0.0,1.0,0.0
AddMultiLock,InsertSwitch,6,4,6,4,4,0,4,0,0,0.0,1.0,0.0,1.0,0.0
AddMultiLock,AddItemGate,6,4,6,4,4,0,4,0,0,0.0,1.0,0.0,1.0,0.0
AddMultiLock,CreateHub,6,4,6,4,4,0,4,0,0,0.0,1.0,0.0,1.0,0.0
AddMultiLock,AddSecret,6,4,6,4,4,0,4,0,0,0.0,1.0,0.0,1.0,0.0
AddMultiLock,AddTeleport,6,4,6,4,4,0,4,0,0,0.0,1.0,0.0,1.0,0.0
AddMultiLock,AddFungibleLock,6,4,6,4,4,0,4,0,0,0.0,1.0,0.0,1.0,0.0
AddMultiLock,FormBigRoom,6,4,6,4,4,0,4,0,0,0.0,1.0,0.0,1.0,0.0
AddMultiLock,AddValve,6,4,6,4,4,0,4,0,0,0.0,1.0,0.0,1.0,0.0
AddMultiLock,AddCollectionChallenge,6,4,4,4,4,0,4,0,0,0.0,1.0,0.0,1.0,0.0
AddMultiLock,AddArena,6,4,6,4,4,0,4,0,0,0.0,1.0,0.0,1.0,0.0
AddMultiLock,AddSector,6,4,6,4,4,0,4,0,0,0.0,1.0,0.0,1.0,0.0
AddMultiLock,AddEntangledBranches,6,4,4,4,4,0,4,0,0,0.0,1.0,0.0,1.0,0.0
AddMultiLock,AddHazardGate,6,4,6,4,4,0,4,0,0,0.0,1.0,0.0,1.0,0.0
AddMultiLock,SplitRoom,6,4,6,4,4,0,4,0,0,0.0,1.0,0.0,1.0,0.0
AddItemShortcut,InsertChallenge_ENEMY,6,1,6,1,1,0,1,0,0,0.0,1.0,0.0,1.0,0.0
AddItemShortcut,InsertChallenge_PUZZLE,6,1,6,1,1,0,1,0,0,0.0,1.0,0.0,1.0,0.0
AddItemShortcut,InsertLockKey,6,1,6,1,1,0,1,0,0,0.0,1.0,0.0,1.0,0.0
AddItemShortcut,Branch,6,1,6,1,1,0,1,0,0,0.0,1.0,0.0,1.0,0.0
AddItemShortcut,MergeShortcut,6,1,6,1,1,0,1,0,0,0.0,1.0,0.0,1.0,0.0
AddItemShortcut,InsertSwitch,6,1,6,1,1,0,1,0,0,0.0,1.0,0.0,1.0,0.0
AddItemShortcut,AddItemGate,6,1,6,1,1,0,1,0,0,0.0,1.0,0.0,1.0,0.0
AddItemShortcut,CreateHub,6,1,6,1,1,0,1,0,0,0.0,1.0,0.0,1.0,0.0
AddItemShortcut,AddStairs,6,1,4,1,1,0,1,0,0,0.0,1.0,0.0,1.0,0.0
AddItemShortcut,AddSecret,6,1,6,1,1,0,1,0,0,0.0,1.0,0.0,1.0,0.0
AddItemShortcut,AddTeleport,6,1,6,1,1,0,1,0,0,0.0,1.0,0.0,1.0,0.0
AddItemShortcut,AddFungibleLock,6,1,6,1,1,0,1,0,0,0.0,1.0,0.0,1.0,0.0
AddItemShortcut,FormBigRoom,6,1,6,1,1,0,1,0,0,0.0,1.0,0.0,1.0,0.0
AddItemShortcut,AddValve,6,1,6,1,1,0,1,0,0,0.0,1.0,0.0,1.0,0.0
AddItemShortcut,AddArena,6,1,6,1,1,0,1,0,0,0.0,1.0,0.0,1.0,0.0
AddItemShortcut,AddSector,6,1,6,1,1,0,1,0,0,0.0,1.0,0.0,1.0,0.0
AddItemShortcut,AddHazardGate,6,1,6,1,1,0,1,0,0,0.0,1.0,0.0,1.0,0.0
AddItemShortcut,SplitRoom,6,1,6,1,1,0,1,0,0,0.0,1.0,0.0,1.0,0.0
AddItemShortcut,AddSkillChain,6,1,4,1,1,0,1,0,0,0.0,1.0,0.0,1.0,0.0
AddItemShortcut,AddGatekeeper,6,1,3,1,1,0,1,0,0,0.0,1.0,0.0,1.0,0.0
AddItemShortcut,AddMultiLock,6,1,4,1,1,0,1,0,1,0.0,1.0,0.0,1.0,1.0
AddItemShortcut,PruneDeadEnd,6,1,6,1,1,0,1,0,0,0.0,1.0,0.0,1.0,0.0
PruneDeadEnd,InsertChallenge_ENEMY,6,6,6,6,6,0,6,0,0,0.0,1.0,0.0,1.0,0.0
PruneDeadEnd,InsertChallenge_PUZZLE,6,6,6,6,6,0,6,0,0,0.0,1.0,0.0,1.0,0.0
PruneDeadEnd,InsertLockKey,6,6,6,6,6,0,6,0,0,0.0,1.0,0.0,1.0,0.0
PruneDeadEnd,Branch,6,6,6,6,6,0,6,0,0,0.0,1.0,0.0,1.0,0.0
PruneDeadEnd,MergeShortcut,6,6,6,6,6,0,6,0,0,0.0,1.0,0.0,1.0,0.0
PruneDeadEnd,InsertSwitch,6,6,6,6,6,0,6,0,0,0.0,1.0,0.0,1.0,0.0
PruneDeadEnd,AddItemGate,6,6,6,6,6,0,6,0,0,0.0,1.0,0.0,1.0,0.0
PruneDeadEnd,CreateHub,6,6,6,6,6,0,6,0,0,0.0,1.0,0.0,1.0,0.0
PruneDeadEnd,AddSecret,6,6,6,6,6,0,6,0,0,0.0,1.0,0.0,1.0,0.0
PruneDeadEnd,AddTeleport,6,6,6,6,6,0,6,0,0,0.0,1.0,0.0,1.0,0.0
PruneDeadEnd,AddFungibleLock,6,6,6,6,6,0,6,0,0,0.0,1.0,0.0,1.0,0.0
PruneDeadEnd,FormBigRoom,6,6,6,6,6,0,6,0,0,0.0,1.0,0.0,1.0,0.0
PruneDeadEnd,AddValve,6,6,6,6,6,0,6,0,0,0.0,1.0,0.0,1.0,0.0
PruneDeadEnd,AddArena,6,6,6,6,6,0,6,0,0,0.0,1.0,0.0,1.0,0.0
PruneDeadEnd,AddSector,6,6,6,6,6,0,6,0,0,0.0,1.0,0.0,1.0,0.0
PruneDeadEnd,AddHazardGate,6,6,6,6,6,0,6,0,0,0.0,1.0,0.0,1.0,0.0
PruneDeadEnd,SplitRoom,6,6,6,6,6,0,6,0,0,0.0,1.0,0.0,1.0,0.0
Branch,AddEntangledBranches,6,6,4,5,5,0,5,0,1,0.0,1.0,0.0,0.8333333333333334,0.16666666666666666
InsertSwitch,AddEntangledBranches,6,6,4,5,5,0,5,0,1,0.0,1.0,0.0,0.8333333333333334,0.16666666666666666
AddItemGate,AddSkillChain,6,6,4,5,5,0,5,0,1,0.0,1.0,0.0,0.8333333333333334,0.16666666666666666
AddItemGate,AddGatekeeper,6,6,3,5,5,0,5,0,2,0.0,1.0,0.0,0.8333333333333334,0.3333333333333333
CreateHub,AddSkillChain,6,6,4,5,5,0,5,0,1,0.0,1.0,0.0,0.8333333333333334,0.16666666666666666
AddSecret,AddCollectionChallenge,6,6,4,5,5,0,5,0,1,0.0,1.0,0.0,0.8333333333333334,0.16666666666666666
AddSecret,AddSkillChain,6,6,4,5,5,0,5,0,1,0.0,1.0,0.0,0.8333333333333334,0.16666666666666666
AddSecret,AddGatekeeper,6,6,3,5,5,0,5,0,2,0.0,1.0,0.0,0.8333333333333334,0.3333333333333333
AddSecret,AddMultiLock,6,6,4,5,5,0,5,0,1,0.0,1.0,0.0,0.8333333333333334,0.16666666666666666
AddTeleport,AddCollectionChallenge,6,6,4,5,5,0,5,0,1,0.0,1.0,0.0,0.8333333333333334,0.16666666666666666
AddTeleport,AddEntangledBranches,6,6,4,5,5,0,5,0,1,0.0,1.0,0.0,0.8333333333333334,0.16666666666666666
AddTeleport,AddMultiLock,6,6,4,5,5,0,5,0,1,0.0,1.0,0.0,0.8333333333333334,0.16666666666666666
AddSector,AddPacingBreaker,6,6,2,5,5,0,5,0,3,0.0,1.0,0.0,0.8333333333333334,0.5
AddHazardGate,AddCollectionChallenge,6,6,4,5,5,0,5,0,1,0.0,1.0,0.0,0.8333333333333334,0.16666666666666666
AddHazardGate,AddEntangledBranches,6,6,4,5,5,0,5,0,1,0.0,1.0,0.0,0.8333333333333334,0.16666666666666666
SplitRoom,AddEntangledBranches,6,6,4,5,5,0,5,0,1,0.0,1.0,0.0,0.8333333333333334,0.16666666666666666
SplitRoom,AddSkillChain,6,6,4,5,5,0,5,0,1,0.0,1.0,0.0,0.8333333333333334,0.16666666666666666
SplitRoom,AddMultiLock,6,6,4,5,5,0,5,0,1,0.0,1.0,0.0,0.8333333333333334,0.16666666666666666
AddStairs,AddEntangledBranches,6,4,4,3,3,0,3,0,1,0.0,1.0,0.0,0.75,0.25
AddCollectionChallenge,AddSkillChain,6,4,4,3,3,0,3,0,0,0.0,1.0,0.0,0.75,0.0
AddEntangledBranches,AddSkillChain,6,4,4,3,3,0,3,0,0,0.0,1.0,0.0,0.75,0.0
AddSkillChain,AddCollectionChallenge,6,4,4,3,3,0,3,0,0,0.0,1.0,0.0,0.75,0.0
AddSkillChain,AddEntangledBranches,6,4,4,3,3,0,3,0,0,0.0,1.0,0.0,0.75,0.0
AddSkillChain,AddGatekeeper,6,4,3,3,3,0,3,0,0,0.0,1.0,0.0,0.75,0.0
AddSkillChain,AddMultiLock,6,4,4,3,3,0,3,0,0,0.0,1.0,0.0,0.75,0.0
AddMultiLock,AddSkillChain,6,4,4,3,3,0,3,0,0,0.0,1.0,0.0,0.75,0.0
InsertLockKey,AddMultiLock,6,6,4,2,2,2,2,0,0,0.3333333333333333,1.0,0.0,0.6666666666666666,0.0
InsertLockKey,AddCollectionChallenge,6,6,4,3,3,1,3,0,0,0.16666666666666666,1.0,0.0,0.6666666666666666,0.0
InsertLockKey,AddEntangledBranches,6,6,4,3,3,1,3,0,0,0.16666666666666666,1.0,0.0,0.6666666666666666,0.0
AddFungibleLock,AddMultiLock,6,6,4,3,3,1,3,0,0,0.16666666666666666,1.0,0.0,0.6666666666666666,0.0
FormBigRoom,AddSkillChain,6,6,4,3,3,1,3,0,0,0.16666666666666666,1.0,0.0,0.6666666666666666,0.0
AddArena,AddMultiLock,6,6,4,3,3,1,3,0,0,0.16666666666666666,1.0,0.0,0.6666666666666666,0.0
AddHazardGate,AddSkillChain,6,6,4,3,3,1,3,0,0,0.16666666666666666,1.0,0.0,0.6666666666666666,0.0
InsertChallenge_ENEMY,AddStairs,6,6,4,4,4,0,4,0,0,0.0,1.0,0.0,0.6666666666666666,0.0
InsertChallenge_ENEMY,AddCollectionChallenge,6,6,4,4,4,0,4,0,0,0.0,1.0,0.0,0.6666666666666666,0.0
InsertChallenge_ENEMY,AddEntangledBranches,6,6,4,4,4,0,4,0,0,0.0,1.0,0.0,0.6666666666666666,0.0
InsertChallenge_ENEMY,AddSkillChain,6,6,4,4,4,0,4,0,0,0.0,1.0,0.0,0.6666666666666666,0.0
InsertChallenge_ENEMY,AddMultiLock,6,6,4,4,4,0,4,0,0,0.0,1.0,0.0,0.6666666666666666,0.0
InsertChallenge_PUZZLE,AddStairs,6,6,4,4,4,0,4,0,0,0.0,1.0,0.0,0.6666666666666666,0.0
InsertChallenge_PUZZLE,AddCollectionChallenge,6,6,4,4,4,0,4,0,0,0.0,1.0,0.0,0.6666666666666666,0.0
InsertChallenge_PUZZLE,AddEntangledBranches,6,6,4,4,4,0,4,0,0,0.0,1.0,0.0,0.6666666666666666,0.0
InsertChallenge_PUZZLE,AddSkillChain,6,6,4,4,4,0,4,0,0,0.0,1.0,0.0,0.6666666666666666,0.0
InsertChallenge_PUZZLE,AddMultiLock,6,6,4,4,4,0,4,0,0,0.0,1.0,0.0,0.6666666666666666,0.0
InsertLockKey,AddStairs,6,6,4,4,4,0,4,0,0,0.0,1.0,0.0,0.6666666666666666,0.0
InsertLockKey,AddSkillChain,6,6,4,4,4,0,4,0,0,0.0,1.0,0.0,0.6666666666666666,0.0
Branch,AddStairs,6,6,4,4,4,0,4,0,0,0.0,1.0,0.0,0.6666666666666666,0.0
Branch,AddCollectionChallenge,6,6,4,4,4,0,4,0,0,0.0,1.0,0.0,0.6666666666666666,0.0
Branch,AddSkillChain,6,6,4,4,4,0,4,0,0,0.0,1.0,0.0,0.6666666666666666,0.0
Branch,AddGatekeeper,6,6,3,4,4,0,4,0,1,0.0,1.0,0.0,0.6666666666666666,0.16666666666666666
MergeShortcut,AddStairs,6,6,4,4,4,0,4,0,0,0.0,1.0,0.0,0.6666666666666666,0.0
MergeShortcut,AddSkillChain,6,6,4,4,4,0,4,0,0,0.0,1.0,0.0,0.6666666666666666,0.0
InsertSwitch,AddStairs,6,6,4,4,4,0,4,0,0,0.0,1.0,0.0,0.6666666666666666,0.0
InsertSwitch,AddCollectionChallenge,6,6,4,4,4,0,4,0,0,0.0,1.0,0.0,0.6666666666666666,0.0
InsertSwitch,AddSkillChain,6,6,4,4,4,0,4,0,0,0.0,1.0,0.0,0.6666666666666666,0.0
AddItemGate,AddStairs,6,6,4,4,4,0,4,0,0,0.0,1.0,0.0,0.6666666666666666,0.0
AddItemGate,AddCollectionChallenge,6,6,4,4,4,0,4,0,0,0.0,1.0,0.0,0.6666666666666666,0.0
AddItemGate,AddEntangledBranches,6,6,4,4,4,0,4,0,0,0.0,1.0,0.0,0.6666666666666666,0.0
AddItemGate,AddMultiLock,6,6,4,4,4,0,4,0,0,0.0,1.0,0.0,0.6666666666666666,0.0
CreateHub,AddStairs,6,6,4,4,4,0,4,0,0,0.0,1.0,0.0,0.6666666666666666,0.0
CreateHub,AddItemShortcut,6,6,1,4,4,0,4,0,3,0.0,1.0,0.0,0.6666666666666666,0.5
AddSecret,AddStairs,6,6,4,4,4,0,4,0,0,0.0,1.0,0.0,0.6666666666666666,0.0
AddTeleport,AddStairs,6,6,4,4,4,0,4,0,0,0.0,1.0,0.0,0.6666666666666666,0.0
AddTeleport,AddForeshadowing,6,6,0,4,4,0,4,0,4,0.0,1.0,0.0,0.6666666666666666,0.6666666666666666
AddTeleport,AddSkillChain,6,6,4,4,4,0,4,0,0,0.0,1.0,0.0,0.6666666666666666,0.0
AddFungibleLock,AddStairs,6,6,4,4,4,0,4,0,0,0.0,1.0,0.0,0.6666666666666666,0.0
AddFungibleLock,AddCollectionChallenge,6,6,4,4,4,0,4,0,0,0.0,1.0,0.0,0.6666666666666666,0.0
AddFungibleLock,AddEntangledBranches,6,6,4,4,4,0,4,0,0,0.0,1.0,0.0,0.6666666666666666,0.0
AddFungibleLock,AddSkillChain,6,6,4,4,4,0,4,0,0,0.0,1.0,0.0,0.6666666666666666,0.0
FormBigRoom,AddCollectionChallenge,6,6,4,4,4,0,4,0,0,0.0,1.0,0.0,0.6666666666666666,0.0
FormBigRoom,AddEntangledBranches,6,6,4,4,4,0,4,0,0,0.0,1.0,0.0,0.6666666666666666,0.0
FormBigRoom,AddMultiLock,6,6,4,4,4,0,4,0,0,0.0,1.0,0.0,0.6666666666666666,0.0
AddValve,AddStairs,6,6,4,4,4,0,4,0,0,0.0,1.0,0.0,0.6666666666666666,0.0
AddValve,AddCollectionChallenge,6,6,4,4,4,0,4,0,0,0.0,1.0,0.0,0.6666666666666666,0.0
AddValve,AddEntangledBranches,6,6,4,4,4,0,4,0,0,0.0,1.0,0.0,0.6666666666666666,0.0
AddValve,AddSkillChain,6,6,4,4,4,0,4,0,0,0.0,1.0,0.0,0.6666666666666666,0.0
AddValve,AddMultiLock,6,6,4,4,4,0,4,0,0,0.0,1.0,0.0,0.6666666666666666,0.0
AddArena,AddStairs,6,6,4,4,4,0,4,0,0,0.0,1.0,0.0,0.6666666666666666,0.0
AddArena,AddCollectionChallenge,6,6,4,4,4,0,4,0,0,0.0,1.0,0.0,0.6666666666666666,0.0
AddArena,AddEntangledBranches,6,6,4,4,4,0,4,0,0,0.0,1.0,0.0,0.6666666666666666,0.0
AddArena,AddSkillChain,6,6,4,4,4,0,4,0,0,0.0,1.0,0.0,0.6666666666666666,0.0
AddSector,AddStairs,6,6,4,4,4,0,4,0,0,0.0,1.0,0.0,0.6666666666666666,0.0
AddSector,AddForeshadowing,6,6,0,4,4,0,4,0,4,0.0,1.0,0.0,0.6666666666666666,0.6666666666666666
AddSector,AddSkillChain,6,6,4,4,4,0,4,0,0,0.0,1.0,0.0,0.6666666666666666,0.0
AddHazardGate,AddStairs,6,6,4,4,4,0,4,0,0,0.0,1.0,0.0,0.6666666666666666,0.0
SplitRoom,AddStairs,6,6,4,4,4,0,4,0,0,0.0,1.0,0.0,0.6666666666666666,0.0
SplitRoom,AddCollectionChallenge,6,6,4,4,4,0,4,0,0,0.0,1.0,0.0,0.6666666666666666,0.0
SplitRoom,AddGatekeeper,6,6,3,4,4,0,4,0,1,0.0,1.0,0.0,0.6666666666666666,0.16666666666666666
AddGatekeeper,AddStairs,6,3,4,2,2,0,2,0,0,0.0,1.0,0.0,0.6666666666666666,0.0
AddGatekeeper,AddCollectionChallenge,6,3,4,2,2,0,2,0,0,0.0,1.0,0.0,0.6666666666666666,0.0
AddGatekeeper,AddEntangledBranches,6,3,4,2,2,0,2,0,0,0.0,1.0,0.0,0.6666666666666666,0.0
AddGatekeeper,AddMultiLock,6,3,4,2,2,0,2,0,0,0.0,1.0,0.0,0.6666666666666666,0.0
PruneDeadEnd,AddStairs,6,6,4,4,4,0,4,0,0,0.0,1.0,0.0,0.6666666666666666,0.0
PruneDeadEnd,AddCollectionChallenge,6,6,4,4,4,0,4,0,0,0.0,1.0,0.0,0.6666666666666666,0.0
PruneDeadEnd,AddEntangledBranches,6,6,4,4,4,0,4,0,0,0.0,1.0,0.0,0.6666666666666666,0.0
PruneDeadEnd,AddSkillChain,6,6,4,4,4,0,4,0,0,0.0,1.0,0.0,0.6666666666666666,0.0
PruneDeadEnd,AddMultiLock,6,6,4,4,4,0,4,0,0,0.0,1.0,0.0,0.6666666666666666,0.0
InsertChallenge_ENEMY,AddGatekeeper,6,6,3,3,3,0,3,0,0,0.0,1.0,0.0,0.5,0.0
InsertChallenge_PUZZLE,AddGatekeeper,6,6,3,3,3,0,3,0,0,0.0,1.0,0.0,0.5,0.0
InsertLockKey,AddGatekeeper,6,6,3,3,3,0,3,0,0,0.0,1.0,0.0,0.5,0.0
MergeShortcut,AddPacingBreaker,6,6,2,3,3,0,3,0,1,0.0,1.0,0.0,0.5,0.16666666666666666
MergeShortcut,AddGatekeeper,6,6,3,3,3,0,3,0,0,0.0,1.0,0.0,0.5,0.0
InsertSwitch,AddForeshadowing,6,6,0,3,3,0,3,0,3,0.0,1.0,0.0,0.5,0.5
InsertSwitch,AddGatekeeper,6,6,3,3,3,0,3,0,0,0.0,1.0,0.0,0.5,0.0
AddBossGauntlet,AddStairs,6,2,4,1,1,0,1,0,0,0.0,1.0,0.0,0.5,0.0
CreateHub,AddPacingBreaker,6,6,2,3,3,0,3,0,1,0.0,1.0,0.0,0.5,0.16666666666666666
AddStairs,AddGatekeeper,6,4,3,2,2,0,2,0,0,0.0,1.0,0.0,0.5,0.0
AddTeleport,AddGatekeeper,6,6,3,3,3,0,3,0,0,0.0,1.0,0.0,0.5,0.0
AddFungibleLock,AddGatekeeper,6,6,3,3,3,0,3,0,0,0.0,1.0,0.0,0.5,0.0
FormBigRoom,AddGatekeeper,6,6,3,3,3,0,3,0,0,0.0,1.0,0.0,0.5,0.0
AddValve,AddGatekeeper,6,6,3,3,3,0,3,0,0,0.0,1.0,0.0,0.5,0.0
AddCollectionChallenge,AddStairs,6,4,4,2,2,0,2,0,0,0.0,1.0,0.0,0.5,0.0
AddCollectionChallenge,AddGatekeeper,6,4,3,2,2,0,2,0,0,0.0,1.0,0.0,0.5,0.0
AddArena,AddPacingBreaker,6,6,2,3,3,0,3,0,1,0.0,1.0,0.0,0.5,0.16666666666666666
AddArena,AddGatekeeper,6,6,3,3,3,0,3,0,0,0.0,1.0,0.0,0.5,0.0
AddSector,AddGatekeeper,6,6,3,3,3,0,3,0,0,0.0,1.0,0.0,0.5,0.0
AddEntangledBranches,AddStairs,6,4,4,2,2,0,2,0,0,0.0,1.0,0.0,0.5,0.0
AddEntangledBranches,AddForeshadowing,6,4,0,2,2,0,2,0,2,0.0,1.0,0.0,0.5,0.5
AddEntangledBranches,AddGatekeeper,6,4,3,2,2,0,2,0,0,0.0,1.0,0.0,0.5,0.0
AddHazardGate,AddGatekeeper,6,6,3,3,3,0,3,0,0,0.0,1.0,0.0,0.5,0.0
AddPacingBreaker,AddStairs,6,2,4,1,1,0,1,0,0,0.0,1.0,0.0,0.5,0.0
AddPacingBreaker,AddCollectionChallenge,6,2,4,1,1,0,1,0,0,0.0,1.0,0.0,0.5,0.0
AddPacingBreaker,AddEntangledBranches,6,2,4,1,1,0,1,0,0,0.0,1.0,0.0,0.5,0.0
AddPacingBreaker,AddMultiLock,6,2,4,1,1,0,1,0,0,0.0,1.0,0.0,0.5,0.0
AddMultiLock,AddStairs,6,4,4,2,2,0,2,0,0,0.0,1.0,0.0,0.5,0.0
AddMultiLock,AddForeshadowing,6,4,0,2,2,0,2,0,2,0.0,1.0,0.0,0.5,0.5
AddMultiLock,AddGatekeeper,6,4,3,2,2,0,2,0,0,0.0,1.0,0.0,0.5,0.0
PruneDeadEnd,AddGatekeeper,6,6,3,3,3,0,3,0,0,0.0,1.0,0.0,0.5,0.0
InsertLockKey,AddPacingBreaker,6,6,2,1,1,1,1,0,0,0.16666666666666666,1.0,0.0,0.3333333333333333,0.0
AddItemGate,AddPacingBreaker,6,6,2,1,1,1,1,0,0,0.16666666666666666,1.0,0.0,0.3333333333333333,0.0
AddHazardGate,AddPacingBreaker,6,6,2,1,1,1,1,0,0,0.16666666666666666,1.0,0.0,0.3333333333333333,0.0
InsertChallenge_ENEMY,AddBossGauntlet,6,6,2,2,2,0,2,0,0,0.0,1.0,0.0,0.3333333333333333,0.0
InsertChallenge_ENEMY,AddPacingBreaker,6,6,2,2,2,0,2,0,0,0.0,1.0,0.0,0.3333333333333333,0.0
InsertChallenge_PUZZLE,AddBossGauntlet,6,6,2,2,2,0,2,0,0,0.0,1.0,0.0,0.3333333333333333,0.0
InsertChallenge_PUZZLE,AddPacingBreaker,6,6,2,2,2,0,2,0,0,0.0,1.0,0.0,0.3333333333333333,0.0
InsertChallenge_PUZZLE,AddItemShortcut,6,6,1,2,2,0,2,0,1,0.0,1.0,0.0,0.3333333333333333,0.16666666666666666
InsertLockKey,AddBossGauntlet,6,6,2,2,2,0,2,0,0,0.0,1.0,0.0,0.3333333333333333,0.0
Branch,AddBossGauntlet,6,6,2,2,2,0,2,0,0,0.0,1.0,0.0,0.3333333333333333,0.0
Branch,AddPacingBreaker,6,6,2,2,2,0,2,0,0,0.0,1.0,0.0,0.3333333333333333,0.0
MergeShortcut,AddBossGauntlet,6,6,2,2,2,0,2,0,0,0.0,1.0,0.0,0.3333333333333333,0.0
InsertSwitch,AddBossGauntlet,6,6,2,2,2,0,2,0,0,0.0,1.0,0.0,0.3333333333333333,0.0
InsertSwitch,AddPacingBreaker,6,6,2,2,2,0,2,0,0,0.0,1.0,0.0,0.3333333333333333,0.0
AddItemGate,AddBossGauntlet,6,6,2,2,2,0,2,0,0,0.0,1.0,0.0,0.3333333333333333,0.0
AddItemGate,AddItemShortcut,6,6,1,2,2,0,2,0,1,0.0,1.0,0.0,0.3333333333333333,0.16666666666666666
CreateHub,AddBossGauntlet,6,6,2,2,2,0,2,0,0,0.0,1.0,0.0,0.3333333333333333,0.0
AddSecret,AddBossGauntlet,6,6,2,2,2,0,2,0,0,0.0,1.0,0.0,0.3333333333333333,0.0
AddSecret,AddPacingBreaker,6,6,2,2,2,0,2,0,0,0.0,1.0,0.0,0.3333333333333333,0.0
AddSecret,AddItemShortcut,6,6,1,2,2,0,2,0,1,0.0,1.0,0.0,0.3333333333333333,0.16666666666666666
AddTeleport,AddBossGauntlet,6,6,2,2,2,0,2,0,0,0.0,1.0,0.0,0.3333333333333333,0.0
AddTeleport,AddPacingBreaker,6,6,2,2,2,0,2,0,0,0.0,1.0,0.0,0.3333333333333333,0.0
AddFungibleLock,AddBossGauntlet,6,6,2,2,2,0,2,0,0,0.0,1.0,0.0,0.3333333333333333,0.0
AddFungibleLock,AddForeshadowing,6,6,0,2,2,0,2,0,2,0.0,1.0,0.0,0.3333333333333333,0.3333333333333333
AddFungibleLock,AddPacingBreaker,6,6,2,2,2,0,2,0,0,0.0,1.0,0.0,0.3333333333333333,0.0
AddFungibleLock,AddItemShortcut,6,6,1,2,2,0,2,0,1,0.0,1.0,0.0,0.3333333333333333,0.16666666666666666
FormBigRoom,AddBossGauntlet,6,6,2,2,2,0,2,0,0,0.0,1.0,0.0,0.3333333333333333,0.0
FormBigRoom,AddPacingBreaker,6,6,2,2,2,0,2,0,0,0.0,1.0,0.0,0.3333333333333333,0.0
AddValve,AddBossGauntlet,6,6,2,2,2,0,2,0,0,0.0,1.0,0.0,0.3333333333333333,0.0
AddValve,AddPacingBreaker,6,6,2,2,2,0,2,0,0,0.0,1.0,0.0,0.3333333333333333,0.0
AddArena,AddBossGauntlet,6,6,2,2,2,0,2,0,0,0.0,1.0,0.0,0.3333333333333333,0.0
AddSector,AddBossGauntlet,6,6,2,2,2,0,2,0,0,0.0,1.0,0.0,0.3333333333333333,0.0
AddHazardGate,AddBossGauntlet,6,6,2,2,2,0,2,0,0,0.0,1.0,0.0,0.3333333333333333,0.0
SplitRoom,AddBossGauntlet,6,6,2,2,2,0,2,0,0,0.0,1.0,0.0,0.3333333333333333,0.0
SplitRoom,AddPacingBreaker,6,6,2,2,2,0,2,0,0,0.0,1.0,0.0,0.3333333333333333,0.0
AddGatekeeper,AddPacingBreaker,6,3,2,1,1,0,1,0,1,0.0,1.0,0.0,0.3333333333333333,0.3333333333333333
AddGatekeeper,AddResourceLoop,6,3,1,1,1,0,1,0,0,0.0,1.0,0.0,0.3333333333333333,0.0
AddGatekeeper,AddItemShortcut,6,3,1,1,1,0,1,0,0,0.0,1.0,0.0,0.3333333333333333,0.0
PruneDeadEnd,AddBossGauntlet,6,6,2,2,2,0,2,0,0,0.0,1.0,0.0,0.3333333333333333,0.0
PruneDeadEnd,AddPacingBreaker,6,6,2,2,2,0,2,0,0,0.0,1.0,0.0,0.3333333333333333,0.0
AddStairs,AddBossGauntlet,6,4,2,1,1,0,1,0,0,0.0,1.0,0.0,0.25,0.0
AddStairs,AddForeshadowing,6,4,0,1,1,0,1,0,1,0.0,1.0,0.0,0.25,0.25
AddStairs,AddPacingBreaker,6,4,2,1,1,0,1,0,0,0.0,1.0,0.0,0.25,0.0
AddStairs,AddResourceLoop,6,4,1,1,1,0,1,0,0,0.0,1.0,0.0,0.25,0.0
AddStairs,AddItemShortcut,6,4,1,1,1,0,1,0,0,0.0,1.0,0.0,0.25,0.0
AddCollectionChallenge,AddBossGauntlet,6,4,2,1,1,0,1,0,0,0.0,1.0,0.0,0.25,0.0
AddCollectionChallenge,AddPacingBreaker,6,4,2,1,1,0,1,0,0,0.0,1.0,0.0,0.25,0.0
AddCollectionChallenge,AddResourceLoop,6,4,1,1,1,0,1,0,0,0.0,1.0,0.0,0.25,0.0
AddEntangledBranches,AddBossGauntlet,6,4,2,1,1,0,1,0,0,0.0,1.0,0.0,0.25,0.0
AddEntangledBranches,AddPacingBreaker,6,4,2,1,1,0,1,0,0,0.0,1.0,0.0,0.25,0.0
AddEntangledBranches,AddResourceLoop,6,4,1,1,1,0,1,0,0,0.0,1.0,0.0,0.25,0.0
AddSkillChain,AddResourceLoop,6,4,1,1,1,0,1,0,0,0.0,1.0,0.0,0.25,0.0
AddSkillChain,AddItemShortcut,6,4,1,1,1,0,1,0,0,0.0,1.0,0.0,0.25,0.0
AddMultiLock,AddBossGauntlet,6,4,2,1,1,0,1,0,0,0.0,1.0,0.0,0.25,0.0
AddMultiLock,AddPacingBreaker,6,4,2,1,1,0,1,0,0,0.0,1.0,0.0,0.25,0.0
AddMultiLock,AddResourceLoop,6,4,1,1,1,0,1,0,0,0.0,1.0,0.0,0.25,0.0
MergeShortcut,AddItemShortcut,6,6,1,0,0,1,0,0,0,0.16666666666666666,0.0,0.0,0.16666666666666666,0.0
AddTeleport,AddItemShortcut,6,6,1,0,0,1,0,0,0,0.16666666666666666,0.0,0.0,0.16666666666666666,0.0
FormBigRoom,AddItemShortcut,6,6,1,0,0,1,0,0,0,0.16666666666666666,0.0,0.0,0.16666666666666666,0.0
AddArena,AddItemShortcut,6,6,1,0,0,1,0,0,0,0.16666666666666666,0.0,0.0,0.16666666666666666,0.0
InsertChallenge_ENEMY,AddResourceLoop,6,6,1,1,1,0,1,0,0,0.0,1.0,0.0,0.16666666666666666,0.0
InsertChallenge_ENEMY,AddItemShortcut,6,6,1,1,1,0,1,0,0,0.0,1.0,0.0,0.16666666666666666,0.0
InsertChallenge_PUZZLE,AddForeshadowing,6,6,0,1,1,0,1,0,1,0.0,1.0,0.0,0.16666666666666666,0.16666666666666666
InsertChallenge_PUZZLE,AddResourceLoop,6,6,1,1,1,0,1,0,0,0.0,1.0,0.0,0.16666666666666666,0.0
InsertLockKey,AddResourceLoop,6,6,1,1,1,0,1,0,0,0.0,1.0,0.0,0.16666666666666666,0.0
InsertLockKey,AddItemShortcut,6,6,1,1,1,0,1,0,0,0.0,1.0,0.0,0.16666666666666666,0.0
Branch,AddForeshadowing,6,6,0,1,1,0,1,0,1,0.0,1.0,0.0,0.16666666666666666,0.16666666666666666
Branch,AddResourceLoop,6,6,1,1,1,0,1,0,0,0.0,1.0,0.0,0.16666666666666666,0.0
Branch,AddItemShortcut,6,6,1,1,1,0,1,0,0,0.0,1.0,0.0,0.16666666666666666,0.0
MergeShortcut,AddForeshadowing,6,6,0,1,1,0,1,0,1,0.0,1.0,0.0,0.16666666666666666,0.16666666666666666
MergeShortcut,AddResourceLoop,6,6,1,1,1,0,1,0,0,0.0,1.0,0.0,0.16666666666666666,0.0
InsertSwitch,AddResourceLoop,6,6,1,1,1,0,1,0,0,0.0,1.0,0.0,0.16666666666666666,0.0
InsertSwitch,AddItemShortcut,6,6,1,1,1,0,1,0,0,0.0,1.0,0.0,0.16666666666666666,0.0
AddItemGate,AddForeshadowing,6,6,0,1,1,0,1,0,1,0.0,1.0,0.0,0.16666666666666666,0.16666666666666666
CreateHub,AddResourceLoop,6,6,1,1,1,0,1,0,0,0.0,1.0,0.0,0.16666666666666666,0.0
AddSecret,AddResourceLoop,6,6,1,1,1,0,1,0,0,0.0,1.0,0.0,0.16666666666666666,0.0
AddTeleport,AddResourceLoop,6,6,1,1,1,0,1,0,0,0.0,1.0,0.0,0.16666666666666666,0.0
AddFungibleLock,AddResourceLoop,6,6,1,1,1,0,1,0,0,0.0,1.0,0.0,0.16666666666666666,0.0
FormBigRoom,AddResourceLoop,6,6,1,1,1,0,1,0,0,0.0,1.0,0.0,0.16666666666666666,0.0
AddValve,AddResourceLoop,6,6,1,1,1,0,1,0,0,0.0,1.0,0.0,0.16666666666666666,0.0
AddValve,AddItemShortcut,6,6,1,1,1,0,1,0,0,0.0,1.0,0.0,0.16666666666666666,0.0
AddArena,AddResourceLoop,6,6,1,1,1,0,1,0,0,0.0,1.0,0.0,0.16666666666666666,0.0
AddSector,PruneGraph,6,6,0,1,1,0,1,0,1,0.0,1.0,0.0,0.16666666666666666,0.16666666666666666
AddSector,AddResourceLoop,6,6,1,1,1,0,1,0,0,0.0,1.0,0.0,0.16666666666666666,0.0
AddSector,AddItemShortcut,6,6,1,1,1,0,1,0,0,0.0,1.0,0.0,0.16666666666666666,0.0
AddHazardGate,AddForeshadowing,6,6,0,1,1,0,1,0,1,0.0,1.0,0.0,0.16666666666666666,0.16666666666666666
AddHazardGate,AddResourceLoop,6,6,1,1,1,0,1,0,0,0.0,1.0,0.0,0.16666666666666666,0.0
AddHazardGate,AddItemShortcut,6,6,1,1,1,0,1,0,0,0.0,1.0,0.0,0.16666666666666666,0.0
SplitRoom,AddResourceLoop,6,6,1,1,1,0,1,0,0,0.0,1.0,0.0,0.16666666666666666,0.0
SplitRoom,AddItemShortcut,6,6,1,1,1,0,1,0,0,0.0,1.0,0.0,0.16666666666666666,0.0
PruneDeadEnd,AddResourceLoop,6,6,1,1,1,0,1,0,0,0.0,1.0,0.0,0.16666666666666666,0.0
PruneDeadEnd,AddItemShortcut,6,6,1,1,1,0,1,0,0,0.0,1.0,0.0,0.16666666666666666,0.0
InsertChallenge_ENEMY,PruneGraph,6,6,0,0,0,0,0,0,0,0.0,0.0,0.0,0.0,0.0
InsertChallenge_ENEMY,AddForeshadowing,6,6,0,0,0,0,0,0,0,0.0,0.0,0.0,0.0,0.0
InsertChallenge_PUZZLE,PruneGraph,6,6,0,0,0,0,0,0,0,0.0,0.0,0.0,0.0,0.0
InsertLockKey,PruneGraph,6,6,0,0,0,0,0,0,0,0.0,0.0,0.0,0.0,0.0
InsertLockKey,AddForeshadowing,6,6,0,0,0,0,0,0,0,0.0,0.0,0.0,0.0,0.0
Branch,PruneGraph,6,6,0,0,0,0,0,0,0,0.0,0.0,0.0,0.0,0.0
MergeShortcut,PruneGraph,6,6,0,0,0,0,0,0,0,0.0,0.0,0.0,0.0,0.0
InsertSwitch,PruneGraph,6,6,0,0,0,0,0,0,0,0.0,0.0,0.0,0.0,0.0
AddBossGauntlet,PruneGraph,6,2,0,0,0,0,0,0,0,0.0,0.0,0.0,0.0,0.0
AddBossGauntlet,AddForeshadowing,6,2,0,0,0,0,0,0,0,0.0,0.0,0.0,0.0,0.0
AddBossGauntlet,AddSkillChain,6,2,4,0,0,0,0,0,0,0.0,0.0,0.0,0.0,0.0
AddBossGauntlet,AddResourceLoop,6,2,1,0,0,0,0,0,0,0.0,0.0,0.0,0.0,0.0
AddBossGauntlet,AddGatekeeper,6,2,3,0,0,0,0,0,0,0.0,0.0,0.0,0.0,0.0
AddBossGauntlet,AddItemShortcut,6,2,1,0,0,0,0,0,0,0.0,0.0,0.0,0.0,0.0
AddItemGate,PruneGraph,6,6,0,0,0,0,0,0,0,0.0,0.0,0.0,0.0,0.0
CreateHub,PruneGraph,6,6,0,0,0,0,0,0,0,0.0,0.0,0.0,0.0,0.0
AddStairs,PruneGraph,6,4,0,0,0,0,0,0,0,0.0,0.0,0.0,0.0,0.0
AddSecret,PruneGraph,6,6,0,0,0,0,0,0,0,0.0,0.0,0.0,0.0,0.0
AddSecret,AddForeshadowing,6,6,0,0,0,0,0,0,0,0.0,0.0,0.0,0.0,0.0
AddTeleport,PruneGraph,6,6,0,0,0,0,0,0,0,0.0,0.0,0.0,0.0,0.0
PruneGraph,InsertChallenge_ENEMY,6,0,6,0,0,0,0,0,0,0.0,0.0,0.0,0.0,0.0
PruneGraph,InsertChallenge_PUZZLE,6,0,6,0,0,0,0,0,0,0.0,0.0,0.0,0.0,0.0
PruneGraph,InsertLockKey,6,0,6,0,0,0,0,0,0,0.0,0.0,0.0,0.0,0.0
PruneGraph,Branch,6,0,6,0,0,0,0,0,0,0.0,0.0,0.0,0.0,0.0
PruneGraph,MergeShortcut,6,0,6,0,0,0,0,0,0,0.0,0.0,0.0,0.0,0.0
PruneGraph,InsertSwitch,6,0,6,0,0,0,0,0,0,0.0,0.0,0.0,0.0,0.0
PruneGraph,AddBossGauntlet,6,0,2,0,0,0,0,0,0,0.0,0.0,0.0,0.0,0.0
PruneGraph,AddItemGate,6,0,6,0,0,0,0,0,0,0.0,0.0,0.0,0.0,0.0
PruneGraph,CreateHub,6,0,6,0,0,0,0,0,0,0.0,0.0,0.0,0.0,0.0
PruneGraph,AddStairs,6,0,4,0,0,0,0,0,0,0.0,0.0,0.0,0.0,0.0
PruneGraph,AddSecret,6,0,6,0,0,0,0,0,0,0.0,0.0,0.0,0.0,0.0
PruneGraph,AddTeleport,6,0,6,0,0,0,0,0,0,0.0,0.0,0.0,0.0,0.0
PruneGraph,AddFungibleLock,6,0,6,0,0,0,0,0,0,0.0,0.0,0.0,0.0,0.0
PruneGraph,FormBigRoom,6,0,6,0,0,0,0,0,0,0.0,0.0,0.0,0.0,0.0
PruneGraph,AddValve,6,0,6,0,0,0,0,0,0,0.0,0.0,0.0,0.0,0.0
PruneGraph,AddForeshadowing,6,0,0,0,0,0,0,0,0,0.0,0.0,0.0,0.0,0.0
PruneGraph,AddCollectionChallenge,6,0,4,0,0,0,0,0,0,0.0,0.0,0.0,0.0,0.0
PruneGraph,AddArena,6,0,6,0,0,0,0,0,0,0.0,0.0,0.0,0.0,0.0
PruneGraph,AddSector,6,0,6,0,0,0,0,0,0,0.0,0.0,0.0,0.0,0.0
PruneGraph,AddEntangledBranches,6,0,4,0,0,0,0,0,0,0.0,0.0,0.0,0.0,0.0
PruneGraph,AddHazardGate,6,0,6,0,0,0,0,0,0,0.0,0.0,0.0,0.0,0.0
PruneGraph,SplitRoom,6,0,6,0,0,0,0,0,0,0.0,0.0,0.0,0.0,0.0
PruneGraph,AddSkillChain,6,0,4,0,0,0,0,0,0,0.0,0.0,0.0,0.0,0.0
PruneGraph,AddPacingBreaker,6,0,2,0,0,0,0,0,0,0.0,0.0,0.0,0.0,0.0
PruneGraph,AddResourceLoop,6,0,1,0,0,0,0,0,0,0.0,0.0,0.0,0.0,0.0
PruneGraph,AddGatekeeper,6,0,3,0,0,0,0,0,0,0.0,0.0,0.0,0.0,0.0
PruneGraph,AddMultiLock,6,0,4,0,0,0,0,0,0,0.0,0.0,0.0,0.0,0.0
PruneGraph,AddItemShortcut,6,0,1,0,0,0,0,0,0,0.0,0.0,0.0,0.0,0.0
PruneGraph,PruneDeadEnd,6,0,6,0,0,0,0,0,0,0.0,0.0,0.0,0.0,0.0
AddFungibleLock,PruneGraph,6,6,0,0,0,0,0,0,0,0.0,0.0,0.0,0.0,0.0
FormBigRoom,PruneGraph,6,6,0,0,0,0,0,0,0,0.0,0.0,0.0,0.0,0.0
FormBigRoom,AddForeshadowing,6,6,0,0,0,0,0,0,0,0.0,0.0,0.0,0.0,0.0
AddValve,PruneGraph,6,6,0,0,0,0,0,0,0,0.0,0.0,0.0,0.0,0.0
AddValve,AddForeshadowing,6,6,0,0,0,0,0,0,0,0.0,0.0,0.0,0.0,0.0
AddForeshadowing,InsertChallenge_ENEMY,6,0,6,0,0,0,0,0,0,0.0,0.0,0.0,0.0,0.0
AddForeshadowing,InsertChallenge_PUZZLE,6,0,6,0,0,0,0,0,0,0.0,0.0,0.0,0.0,0.0
AddForeshadowing,InsertLockKey,6,0,6,0,0,0,0,0,0,0.0,0.0,0.0,0.0,0.0
AddForeshadowing,Branch,6,0,6,0,0,0,0,0,0,0.0,0.0,0.0,0.0,0.0
AddForeshadowing,MergeShortcut,6,0,6,0,0,0,0,0,0,0.0,0.0,0.0,0.0,0.0
AddForeshadowing,InsertSwitch,6,0,6,0,0,0,0,0,0,0.0,0.0,0.0,0.0,0.0
AddForeshadowing,AddBossGauntlet,6,0,2,0,0,0,0,0,0,0.0,0.0,0.0,0.0,0.0
AddForeshadowing,AddItemGate,6,0,6,0,0,0,0,0,0,0.0,0.0,0.0,0.0,0.0
AddForeshadowing,CreateHub,6,0,6,0,0,0,0,0,0,0.0,0.0,0.0,0.0,0.0
AddForeshadowing,AddStairs,6,0,4,0,0,0,0,0,0,0.0,0.0,0.0,0.0,0.0
AddForeshadowing,AddSecret,6,0,6,0,0,0,0,0,0,0.0,0.0,0.0,0.0,0.0
AddForeshadowing,AddTeleport,6,0,6,0,0,0,0,0,0,0.0,0.0,0.0,0.0,0.0
AddForeshadowing,PruneGraph,6,0,0,0,0,0,0,0,0,0.0,0.0,0.0,0.0,0.0
AddForeshadowing,AddFungibleLock,6,0,6,0,0,0,0,0,0,0.0,0.0,0.0,0.0,0.0
AddForeshadowing,FormBigRoom,6,0,6,0,0,0,0,0,0,0.0,0.0,0.0,0.0,0.0
AddForeshadowing,AddValve,6,0,6,0,0,0,0,0,0,0.0,0.0,0.0,0.0,0.0
AddForeshadowing,AddCollectionChallenge,6,0,4,0,0,0,0,0,0,0.0,0.0,0.0,0.0,0.0
AddForeshadowing,AddArena,6,0,6,0,0,0,0,0,0,0.0,0.0,0.0,0.0,0.0
AddForeshadowing,AddSector,6,0,6,0,0,0,0,0,0,0.0,0.0,0.0,0.0,0.0
AddForeshadowing,AddEntangledBranches,6,0,4,0,0,0,0,0,0,0.0,0.0,0.0,0.0,0.0
AddForeshadowing,AddHazardGate,6,0,6,0,0,0,0,0,0,0.0,0.0,0.0,0.0,0.0
AddForeshadowing,SplitRoom,6,0,6,0,0,0,0,0,0,0.0,0.0,0.0,0.0,0.0
AddForeshadowing,AddSkillChain,6,0,4,0,0,0,0,0,0,0.0,0.0,0.0,0.0,0.0
AddForeshadowing,AddPacingBreaker,6,0,2,0,0,0,0,0,0,0.0,0.0,0.0,0.0,0.0
AddForeshadowing,AddResourceLoop,6,0,1,0,0,0,0,0,0,0.0,0.0,0.0,0.0,0.0
AddForeshadowing,AddGatekeeper,6,0,3,0,0,0,0,0,0,0.0,0.0,0.0,0.0,0.0
AddForeshadowing,AddMultiLock,6,0,4,0,0,0,0,0,0,0.0,0.0,0.0,0.0,0.0
AddForeshadowing,AddItemShortcut,6,0,1,0,0,0,0,0,0,0.0,0.0,0.0,0.0,0.0
AddForeshadowing,PruneDeadEnd,6,0,6,0,0,0,0,0,0,0.0,0.0,0.0,0.0,0.0
AddCollectionChallenge,PruneGraph,6,4,0,0,0,0,0,0,0,0.0,0.0,0.0,0.0,0.0
AddCollectionChallenge,AddForeshadowing,6,4,0,0,0,0,0,0,0,0.0,0.0,0.0,0.0,0.0
AddCollectionChallenge,AddItemShortcut,6,4,1,0,0,0,0,0,0,0.0,0.0,0.0,0.0,0.0
AddArena,PruneGraph,6,6,0,0,0,0,0,0,0,0.0,0.0,0.0,0.0,0.0
AddArena,AddForeshadowing,6,6,0,0,0,0,0,0,0,0.0,0.0,0.0,0.0,0.0
AddEntangledBranches,PruneGraph,6,4,0,0,0,0,0,0,0,0.0,0.0,0.0,0.0,0.0
AddEntangledBranches,AddItemShortcut,6,4,1,0,0,0,0,0,0,0.0,0.0,0.0,0.0,0.0
AddHazardGate,PruneGraph,6,6,0,0,0,0,0,0,0,0.0,0.0,0.0,0.0,0.0
SplitRoom,PruneGraph,6,6,0,0,0,0,0,0,0,0.0,0.0,0.0,0.0,0.0
SplitRoom,AddForeshadowing,6,6,0,0,0,0,0,0,0,0.0,0.0,0.0,0.0,0.0
AddSkillChain,AddBossGauntlet,6,4,2,0,0,0,0,0,0,0.0,0.0,0.0,0.0,0.0
AddSkillChain,PruneGraph,6,4,0,0,0,0,0,0,0,0.0,0.0,0.0,0.0,0.0
AddSkillChain,AddForeshadowing,6,4,0,0,0,0,0,0,0,0.0,0.0,0.0,0.0,0.0
AddSkillChain,AddPacingBreaker,6,4,2,0,0,0,0,0,0,0.0,0.0,0.0,0.0,0.0
AddPacingBreaker,PruneGraph,6,2,0,0,0,0,0,0,0,0.0,0.0,0.0,0.0,0.0
AddPacingBreaker,AddForeshadowing,6,2,0,0,0,0,0,0,0,0.0,0.0,0.0,0.0,0.0
AddPacingBreaker,AddSkillChain,6,2,4,0,0,0,0,0,0,0.0,0.0,0.0,0.0,0.0
AddPacingBreaker,AddResourceLoop,6,2,1,0,0,0,0,0,0,0.0,0.0,0.0,0.0,0.0
AddPacingBreaker,AddGatekeeper,6,2,3,0,0,0,0,0,0,0.0,0.0,0.0,0.0,0.0
AddPacingBreaker,AddItemShortcut,6,2,1,0,0,0,0,0,0,0.0,0.0,0.0,0.0,0.0
AddResourceLoop,AddBossGauntlet,6,1,2,0,0,0,0,0,0,0.0,0.0,0.0,0.0,0.0
AddResourceLoop,PruneGraph,6,1,0,0,0,0,0,0,0,0.0,0.0,0.0,0.0,0.0
AddResourceLoop,AddForeshadowing,6,1,0,0,0,0,0,0,0,0.0,0.0,0.0,0.0,0.0
AddResourceLoop,AddPacingBreaker,6,1,2,0,0,0,0,0,0,0.0,0.0,0.0,0.0,0.0
AddResourceLoop,AddItemShortcut,6,1,1,0,0,0,0,0,0,0.0,0.0,0.0,0.0,0.0
AddGatekeeper,AddBossGauntlet,6,3,2,0,0,0,0,0,0,0.0,0.0,0.0,0.0,0.0
AddGatekeeper,PruneGraph,6,3,0,0,0,0,0,0,0,0.0,0.0,0.0,0.0,0.0
AddGatekeeper,AddForeshadowing,6,3,0,0,0,0,0,0,0,0.0,0.0,0.0,0.0,0.0
AddMultiLock,PruneGraph,6,4,0,0,0,0,0,0,0,0.0,0.0,0.0,0.0,0.0
AddMultiLock,AddItemShortcut,6,4,1,0,0,0,0,0,0,0.0,0.0,0.0,0.0,0.0
AddItemShortcut,AddBossGauntlet,6,1,2,0,0,0,0,0,0,0.0,0.0,0.0,0.0,0.0
AddItemShortcut,PruneGraph,6,1,0,0,0,0,0,0,0,0.0,0.0,0.0,0.0,0.0
AddItemShortcut,AddForeshadowing,6,1,0,0,0,0,0,0,0,0.0,0.0,0.0,0.0,0.0
AddItemShortcut,AddCollectionChallenge,6,1,4,0,0,0,0,0,0,0.0,0.0,0.0,0.0,0.0
AddItemShortcut,AddEntangledBranches,6,1,4,0,0,0,0,0,0,0.0,0.0,0.0,0.0,0.0
AddItemShortcut,AddPacingBreaker,6,1,2,0,0,0,0,0,0,0.0,0.0,0.0,0.0,0.0
AddItemShortcut,AddResourceLoop,6,1,1,0,0,0,0,0,0,0.0,0.0,0.0,0.0,0.0
PruneDeadEnd,PruneGraph,6,6,0,0,0,0,0,0,0,0.0,0.0,0.0,0.0,0.0
PruneDeadEnd,AddForeshadowing,6,6,0,0,0,0,0,0,0,0.0,0.0,0.0,0.0,0.0
